Name,ID,Has Block,Mod,Class

DCsAppleMilk:defeatedcrow.teppanII,197,true,DCsAppleMilk,mods.defeatedcrow.common.block.appliance.ItemAppliance
DCsAppleMilk:defeatedcrow.cropMint,226,true,DCsAppleMilk,net.minecraft.item.ItemBlock
DCsAppleMilk:defeatedcrow.bowlBlock,252,true,DCsAppleMilk,mods.defeatedcrow.common.block.edible.EntityItemBowl
DCsAppleMilk:defeatedcrow.bowlJP,253,true,DCsAppleMilk,mods.defeatedcrow.common.block.edible.EntityItemBowlJP
DCsAppleMilk:defeatedcrow.foodPlate,254,true,DCsAppleMilk,mods.defeatedcrow.common.block.edible.EntityItemSteak
DCsAppleMilk:defeatedcrow.chocolateGift,255,true,DCsAppleMilk,mods.defeatedcrow.common.block.edible.ItemChocoGift

minecraft:bowl,281,false,minecraft,net.minecraft.item.Item
minecraft:mushroom_stew,282,false,minecraft,net.minecraft.item.ItemSoup

minecraft:string,287,false,minecraft,net.minecraft.item.ItemReed
minecraft:feather,288,false,minecraft,net.minecraft.item.Item
minecraft:gunpowder,289,false,minecraft,net.minecraft.item.Item
minecraft:wheat_seeds,295,false,minecraft,net.minecraft.item.ItemSeeds
minecraft:wheat,296,false,minecraft,net.minecraft.item.Item
minecraft:bread,297,false,minecraft,net.minecraft.item.ItemFood

minecraft:porkchop,319,false,minecraft,net.minecraft.item.ItemFood
minecraft:cooked_porkchop,320,false,minecraft,net.minecraft.item.ItemFood
minecraft:golden_apple,322,false,minecraft,net.minecraft.item.ItemAppleGold
minecraft:bucket,325,false,minecraft,net.minecraft.item.ItemBucket
minecraft:water_bucket,326,false,minecraft,net.minecraft.item.ItemBucket
minecraft:lava_bucket,327,false,minecraft,net.minecraft.item.ItemBucket
minecraft:snowball,332,false,minecraft,net.minecraft.item.ItemSnowball
minecraft:leather,334,false,minecraft,net.minecraft.item.Item
minecraft:milk_bucket,335,false,minecraft,net.minecraft.item.ItemBucketMilk
minecraft:reeds,338,false,minecraft,net.minecraft.item.ItemReed
minecraft:paper,339,false,minecraft,net.minecraft.item.Item
minecraft:book,340,false,minecraft,net.minecraft.item.ItemBook
minecraft:slime_ball,341,false,minecraft,net.minecraft.item.Item
minecraft:egg,344,false,minecraft,net.minecraft.item.ItemEgg
minecraft:glowstone_dust,348,false,minecraft,net.minecraft.item.Item
minecraft:fish,349,false,minecraft,mariculture.fishery.items.ItemVanillaFish
minecraft:cooked_fished,350,false,minecraft,net.minecraft.item.ItemFishFood
minecraft:bone,352,false,minecraft,net.minecraft.item.Item
minecraft:sugar,353,false,minecraft,net.minecraft.item.Item
minecraft:cake,354,false,minecraft,net.minecraft.item.ItemReed
minecraft:cookie,357,false,minecraft,net.minecraft.item.ItemFood
minecraft:melon,360,false,minecraft,net.minecraft.item.ItemFood
minecraft:pumpkin_seeds,361,false,minecraft,net.minecraft.item.ItemSeeds
minecraft:melon_seeds,362,false,minecraft,net.minecraft.item.ItemSeeds
minecraft:beef,363,false,minecraft,net.minecraft.item.ItemFood
minecraft:cooked_beef,364,false,minecraft,net.minecraft.item.ItemFood
minecraft:chicken,365,false,minecraft,net.minecraft.item.ItemFood
minecraft:cooked_chicken,366,false,minecraft,net.minecraft.item.ItemFood
minecraft:rotten_flesh,367,false,minecraft,net.minecraft.item.ItemFood
minecraft:ender_pearl,368,false,minecraft,net.minecraft.item.ItemEnderPearl
minecraft:blaze_rod,369,false,minecraft,net.minecraft.item.Item
minecraft:ghast_tear,370,false,minecraft,net.minecraft.item.Item
minecraft:gold_nugget,371,false,minecraft,net.minecraft.item.Item
minecraft:nether_wart,372,false,minecraft,net.minecraft.item.ItemSeeds
minecraft:potion,373,false,minecraft,net.minecraft.item.ItemPotion
minecraft:glass_bottle,374,false,minecraft,net.minecraft.item.ItemGlassBottle
minecraft:spider_eye,375,false,minecraft,net.minecraft.item.ItemFood
minecraft:fermented_spider_eye,376,false,minecraft,net.minecraft.item.Item
minecraft:blaze_powder,377,false,minecraft,net.minecraft.item.Item
minecraft:magma_cream,378,false,minecraft,net.minecraft.item.Item
minecraft:ender_eye,381,false,minecraft,net.minecraft.item.ItemEnderEye
minecraft:speckled_melon,382,false,minecraft,net.minecraft.item.Item
minecraft:fire_charge,385,false,minecraft,net.minecraft.item.ItemFireball
minecraft:emerald,388,false,minecraft,net.minecraft.item.Item
minecraft:carrot,391,false,minecraft,net.minecraft.item.ItemSeedFood
minecraft:potato,392,false,minecraft,net.minecraft.item.ItemSeedFood
minecraft:baked_potato,393,false,minecraft,net.minecraft.item.ItemFood
minecraft:poisonous_potato,394,false,minecraft,net.minecraft.item.ItemFood
minecraft:golden_carrot,396,false,minecraft,net.minecraft.item.ItemFood
minecraft:nether_star,399,false,minecraft,net.minecraft.item.ItemSimpleFoiled
minecraft:pumpkin_pie,400,false,minecraft,net.minecraft.item.ItemFood
minecraft:quartz,406,false,minecraft,net.minecraft.item.Item

DCsAppleMilk:defeatedcrow.filledCup,409,true,DCsAppleMilk,mods.defeatedcrow.common.block.edible.EntityItemTeaCup
DCsAppleMilk:defeatedcrow.filledCup2,410,true,DCsAppleMilk,mods.defeatedcrow.common.block.edible.EntityItemTeaCup2
DCsAppleMilk:defeatedcrow.iceCreamBlock,411,true,DCsAppleMilk,mods.defeatedcrow.common.block.edible.EntityItemIceCream
DCsAppleMilk:defeatedcrow.alcoholCup,412,true,DCsAppleMilk,mods.defeatedcrow.common.block.edible.EntityItemAlcoholCup
DCsAppleMilk:defeatedcrow.cocktail,413,true,DCsAppleMilk,mods.defeatedcrow.common.block.edible.EntityItemCocktail
DCsAppleMilk:defeatedcrow.cocktail2,414,true,DCsAppleMilk,mods.defeatedcrow.common.block.edible.EntityItemCocktail2
DCsAppleMilk:defeatedcrow.cocktailSP,415,true,DCsAppleMilk,mods.defeatedcrow.common.block.edible.EntityItemCocktailSP
DCsAppleMilk:defeatedcrow.blockVegiOil,416,true,DCsAppleMilk,net.minecraft.item.ItemBlock

DCsAppleMilk:defeatedcrow.blockCamOil,423,true,DCsAppleMilk,net.minecraft.item.ItemBlock
AMTAddonJP:addonamtjp.drying_rack,424,true,AMTAddonJP,net.minecraft.item.ItemBlock
AMTAddonJP:addonamtjp.container_linen,425,true,AMTAddonJP,net.minecraft.item.ItemBlock
AMTAddonJP:addonamtjp.cardboard_jp,426,true,AMTAddonJP,defeatedcrow.addonforamt.jpaddon.common.block.ItemCardboardJP
AMTAddonJP:addonamtjp.ores,427,true,AMTAddonJP,defeatedcrow.addonforamt.jpaddon.common.block.ItemOres
AMTAddonJP:addonamtjp.gem,428,true,AMTAddonJP,defeatedcrow.addonforamt.jpaddon.common.block.ItemGemBlocks
AMTAddonJP:addonamtjp.half,429,true,AMTAddonJP,defeatedcrow.addonforamt.jpaddon.common.block.ItemGemBlocks
AMTAddonJP:addonamtjp.doublehalf,430,true,AMTAddonJP,defeatedcrow.addonforamt.jpaddon.common.block.ItemGemBlocks
AMTAddonJP:addonamtjp.stairs_salt,431,true,AMTAddonJP,net.minecraft.item.ItemBlock
AMTAddonJP:addonamtjp.stairs_alabaster,432,true,AMTAddonJP,net.minecraft.item.ItemBlock
AMTAddonJP:addonamtjp.lamp_alabaster,433,true,AMTAddonJP,net.minecraft.item.ItemBlock
AMTAddonJP:addonamtjp.chandelier_alabaster,434,true,AMTAddonJP,net.minecraft.item.ItemBlock
AMTAddonJP:amtjp.fluid_block,435,true,AMTAddonJP,defeatedcrow.addonforamt.jpaddon.common.fluid.ItemDummyFluidJP
AgriCraft:crops,436,true,AgriCraft,net.minecraft.item.ItemBlock
AgriCraft:seedAnalyzer,437,true,AgriCraft,net.minecraft.item.ItemBlock
AgriCraft:waterPad,438,true,AgriCraft,com.InfinityRaider.AgriCraft.blocks.BlockWaterPad.ItemBlockWaterPad
AgriCraft:waterPadFull,439,true,AgriCraft,com.InfinityRaider.AgriCraft.blocks.BlockWaterPadFull.ItemBlockWaterPadFull
AgriCraft:waterTank,440,true,AgriCraft,com.InfinityRaider.AgriCraft.items.blocks.ItemBlockCustomWood
AgriCraft:waterChannel,441,true,AgriCraft,com.InfinityRaider.AgriCraft.items.blocks.ItemBlockCustomWood
AgriCraft:waterChannelFull,442,true,AgriCraft,com.InfinityRaider.AgriCraft.items.blocks.ItemBlockCustomWood
AgriCraft:channelValve,443,true,AgriCraft,com.InfinityRaider.AgriCraft.blocks.BlockChannelValve.ItemBlockValve
AgriCraft:sprinkler,444,true,AgriCraft,net.minecraft.item.ItemBlock
AgriCraft:seedStorage,445,true,AgriCraft,com.InfinityRaider.AgriCraft.items.blocks.ItemBlockCustomWood
AgriCraft:peripheral,446,true,AgriCraft,net.minecraft.item.ItemBlock
AgriCraft:fence,447,true,AgriCraft,com.InfinityRaider.AgriCraft.items.blocks.ItemBlockCustomWood
AgriCraft:fenceGate,448,true,AgriCraft,com.InfinityRaider.AgriCraft.blocks.BlockFenceGate.ItemBlockFenceGate
AgriCraft:grate,449,true,AgriCraft,com.InfinityRaider.AgriCraft.items.blocks.ItemBlockGrate
AgriCraft:cropPotato,450,true,AgriCraft,net.minecraft.item.ItemBlock
AgriCraft:cropCarrot,451,true,AgriCraft,net.minecraft.item.ItemBlock
AgriCraft:cropSugarcane,452,true,AgriCraft,net.minecraft.item.ItemBlock
AgriCraft:cropDandelion,453,true,AgriCraft,net.minecraft.item.ItemBlock
AgriCraft:cropPoppy,454,true,AgriCraft,net.minecraft.item.ItemBlock
AgriCraft:cropOrchid,455,true,AgriCraft,net.minecraft.item.ItemBlock
AgriCraft:cropAllium,456,true,AgriCraft,net.minecraft.item.ItemBlock
AgriCraft:cropTulipRed,457,true,AgriCraft,net.minecraft.item.ItemBlock
AgriCraft:cropTulipOrange,458,true,AgriCraft,net.minecraft.item.ItemBlock
AgriCraft:cropTulipWhite,459,true,AgriCraft,net.minecraft.item.ItemBlock
AgriCraft:cropTulipPink,460,true,AgriCraft,net.minecraft.item.ItemBlock
AgriCraft:cropDaisy,461,true,AgriCraft,net.minecraft.item.ItemBlock
AgriCraft:cropCactus,462,true,AgriCraft,net.minecraft.item.ItemBlock
AgriCraft:cropShroomRed,463,true,AgriCraft,net.minecraft.item.ItemBlock
AgriCraft:cropShroomBrown,464,true,AgriCraft,net.minecraft.item.ItemBlock


Growthcraft:grc.fenceRope,1381,true,Growthcraft,growthcraft.core.common.item.ItemBlockFenceRope
Growthcraft:grc.ropeBlock,1382,true,Growthcraft,net.minecraft.item.ItemBlock
Growthcraft:grc.netherBrickFenceRope,1383,true,Growthcraft,growthcraft.core.common.item.ItemBlockFenceRope
Growthcraft:grccore.BlockFluidSaltWater,1384,true,Growthcraft,growthcraft.core.common.item.ItemGrcBlockFluid

Growthcraft|Cellar:grc.fruitPress,1398,true,Growthcraft|Cellar,net.minecraft.item.ItemBlock
Growthcraft|Cellar:grc.fruitPresser,1399,true,Growthcraft|Cellar,net.minecraft.item.ItemBlock
Growthcraft|Cellar:grc.brewKettle,1400,true,Growthcraft|Cellar,net.minecraft.item.ItemBlock
Growthcraft|Cellar:grc.fermentBarrel,1401,true,Growthcraft|Cellar,growthcraft.cellar.common.itemblock.ItemBlockFermentBarrel
Growthcraft|Cellar:grc.fermentJar,1402,true,Growthcraft|Cellar,net.minecraft.item.ItemBlock
Growthcraft|Grapes:grc.grapeVine0,1403,true,Growthcraft|Grapes,net.minecraft.item.ItemBlock
Growthcraft|Grapes:grc.grapeVine1,1404,true,Growthcraft|Grapes,net.minecraft.item.ItemBlock
Growthcraft|Grapes:grc.grapeLeaves,1405,true,Growthcraft|Grapes,net.minecraft.item.ItemBlock
Growthcraft|Grapes:grc.grapeBlock,1406,true,Growthcraft|Grapes,net.minecraft.item.ItemBlock
Growthcraft|Grapes:grc.grapeWineFluid.0,1407,true,Growthcraft|Grapes,growthcraft.cellar.common.item.ItemBlockFluidBooze
Growthcraft|Grapes:grc.grapeWineFluid.1,1408,true,Growthcraft|Grapes,growthcraft.cellar.common.item.ItemBlockFluidBooze
Growthcraft|Grapes:grc.grapeWineFluid.2,1409,true,Growthcraft|Grapes,growthcraft.cellar.common.item.ItemBlockFluidBooze
Growthcraft|Grapes:grc.grapeWineFluid.3,1410,true,Growthcraft|Grapes,growthcraft.cellar.common.item.ItemBlockFluidBooze
Growthcraft|Grapes:grc.grapeWineFluid.4,1411,true,Growthcraft|Grapes,growthcraft.cellar.common.item.ItemBlockFluidBooze
Growthcraft|Grapes:grc.grapeWineFluid.5,1412,true,Growthcraft|Grapes,growthcraft.cellar.common.item.ItemBlockFluidBooze
Growthcraft|Grapes:grc.grapeWineFluid.6,1413,true,Growthcraft|Grapes,growthcraft.cellar.common.item.ItemBlockFluidBooze
Growthcraft|Grapes:grc.grapeWineFluid.7,1414,true,Growthcraft|Grapes,growthcraft.cellar.common.item.ItemBlockFluidBooze
Growthcraft|Rice:grc.riceBlock,1415,true,Growthcraft|Rice,net.minecraft.item.ItemBlock
Growthcraft|Rice:grc.paddyField,1416,true,Growthcraft|Rice,net.minecraft.item.ItemBlock
Growthcraft|Rice:grc.riceSakeFluid.0,1417,true,Growthcraft|Rice,growthcraft.cellar.common.item.ItemBlockFluidBooze
Growthcraft|Rice:grc.riceSakeFluid.1,1418,true,Growthcraft|Rice,growthcraft.cellar.common.item.ItemBlockFluidBooze
Growthcraft|Rice:grc.riceSakeFluid.2,1419,true,Growthcraft|Rice,growthcraft.cellar.common.item.ItemBlockFluidBooze
Growthcraft|Rice:grc.riceSakeFluid.3,1420,true,Growthcraft|Rice,growthcraft.cellar.common.item.ItemBlockFluidBooze
Growthcraft|Rice:grc.riceSakeFluid.4,1421,true,Growthcraft|Rice,growthcraft.cellar.common.item.ItemBlockFluidBooze
Growthcraft|Rice:grc.riceSakeFluid.5,1422,true,Growthcraft|Rice,growthcraft.cellar.common.item.ItemBlockFluidBooze
Growthcraft|Rice:grc.riceSakeFluid.6,1423,true,Growthcraft|Rice,growthcraft.cellar.common.item.ItemBlockFluidBooze



Mariculture:fish_oil,1514,true,Mariculture,net.minecraft.item.ItemBlock
Mariculture:custard,1515,true,Mariculture,net.minecraft.item.ItemBlock

plantmegapack:beachButtonSage,1697,true,plantmegapack,plantmegapack.item.PMPItemPlant
plantmegapack:leafyDustyMiller,1698,true,plantmegapack,plantmegapack.item.PMPItemPlant
plantmegapack:beachHighTideBush,1699,true,plantmegapack,plantmegapack.item.PMPItemPlant
plantmegapack:beachPrideOfMadeira,1700,true,plantmegapack,plantmegapack.item.PMPItemPlant
plantmegapack:beachSeaLavender,1701,true,plantmegapack,plantmegapack.item.PMPItemPlant
plantmegapack:beachSeaLymeGrass,1702,true,plantmegapack,plantmegapack.item.PMPItemPlant
plantmegapack:beachSeaSandwort,1703,true,plantmegapack,plantmegapack.item.PMPItemPlant
plantmegapack:beachShowyAster,1704,true,plantmegapack,plantmegapack.item.PMPItemPlant
plantmegapack:cactusArmatocereusMatucanensis,1714,true,plantmegapack,plantmegapack.item.PMPItemPlant
plantmegapack:cactusBaseballBat,1715,true,plantmegapack,plantmegapack.item.PMPItemPlant
plantmegapack:cactusEchinocereusMetornii,1716,true,plantmegapack,plantmegapack.item.PMPItemPlant
plantmegapack:cactusGoldenCereus,1717,true,plantmegapack,plantmegapack.item.PMPItemPlant
plantmegapack:cactusGoldenSaguaro,1718,true,plantmegapack,plantmegapack.item.PMPItemPlant
plantmegapack:cactusMatucanaAureiflora,1719,true,plantmegapack,plantmegapack.item.PMPItemPlant
plantmegapack:cactusPricklyPear,1720,true,plantmegapack,plantmegapack.item.PMPItemPlant
plantmegapack:cactusSnowPole,1721,true,plantmegapack,plantmegapack.item.PMPItemPlant
plantmegapack:cactusToothpick,1722,true,plantmegapack,plantmegapack.item.PMPItemPlant
plantmegapack:waterPulsingXenia,1727,true,plantmegapack,plantmegapack.item.PMPItemPlant
plantmegapack:waterPurpleSeaWhip,1728,true,plantmegapack,plantmegapack.item.PMPItemPlant
plantmegapack:waterRedSeaFan,1729,true,plantmegapack,plantmegapack.item.PMPItemPlant
plantmegapack:coralSunPolyps,1730,true,plantmegapack,plantmegapack.item.PMPItemPlant
plantmegapack:waterBambooCoralYEL,1731,true,plantmegapack,plantmegapack.item.PMPItemPlant
plantmegapack:cropCentella,1732,true,plantmegapack,plantmegapack.item.PMPItemPlant
plantmegapack:cropLaksaLeaf,1733,true,plantmegapack,plantmegapack.item.PMPItemPlant
plantmegapack:cropRice,1734,true,plantmegapack,plantmegapack.item.PMPItemPlant
plantmegapack:cropSacredLotus,1735,true,plantmegapack,plantmegapack.item.PMPItemPlant
plantmegapack:cropTaro,1736,true,plantmegapack,plantmegapack.item.PMPItemPlant
plantmegapack:cropWasabi,1737,true,plantmegapack,plantmegapack.item.PMPItemPlant
plantmegapack:cropWatercress,1738,true,plantmegapack,plantmegapack.item.PMPItemPlant
plantmegapack:cropWaterSpinach,1739,true,plantmegapack,plantmegapack.item.PMPItemPlant
plantmegapack:cropWildRice,1740,true,plantmegapack,plantmegapack.item.PMPItemPlant
plantmegapack:cropBeet,1741,true,plantmegapack,plantmegapack.item.PMPItemPlant
plantmegapack:cropBellPepperOrange,1742,true,plantmegapack,plantmegapack.item.PMPItemPlant
plantmegapack:cropBellPepperRed,1743,true,plantmegapack,plantmegapack.item.PMPItemPlant
plantmegapack:cropBellPepperYellow,1744,true,plantmegapack,plantmegapack.item.PMPItemPlant
plantmegapack:cropBroccoli,1745,true,plantmegapack,plantmegapack.item.PMPItemPlant
plantmegapack:cropCassava,1746,true,plantmegapack,plantmegapack.item.PMPItemPlant
plantmegapack:cropCelery,1747,true,plantmegapack,plantmegapack.item.PMPItemPlant
plantmegapack:cropCorn,1748,true,plantmegapack,plantmegapack.item.PMPItemPlant
plantmegapack:cropCucumber,1749,true,plantmegapack,plantmegapack.item.PMPItemPlant
plantmegapack:cropEggplant,1750,true,plantmegapack,plantmegapack.item.PMPItemPlant
plantmegapack:cropGreenBeans,1751,true,plantmegapack,plantmegapack.item.PMPItemPlant
plantmegapack:cropLeek,1752,true,plantmegapack,plantmegapack.item.PMPItemPlant
plantmegapack:cropLettuce,1753,true,plantmegapack,plantmegapack.item.PMPItemPlant
plantmegapack:cropOnion,1754,true,plantmegapack,plantmegapack.item.PMPItemPlant
plantmegapack:cropPeanut,1755,true,plantmegapack,plantmegapack.item.PMPItemPlant
plantmegapack:cropSorrel,1756,true,plantmegapack,plantmegapack.item.PMPItemPlant
plantmegapack:cropSpinach,1757,true,plantmegapack,plantmegapack.item.PMPItemPlant
plantmegapack:cropTomato,1758,true,plantmegapack,plantmegapack.item.PMPItemPlant
plantmegapack:desertApachePlume,1759,true,plantmegapack,plantmegapack.item.PMPItemPlant
plantmegapack:desertBrittlebush,1760,true,plantmegapack,plantmegapack.item.PMPItemPlant
plantmegapack:desertBroadLeafGilia,1761,true,plantmegapack,plantmegapack.item.PMPItemPlant
plantmegapack:desertBroomSnakeweed,1762,true,plantmegapack,plantmegapack.item.PMPItemPlant
plantmegapack:desertKangarooPaw,1763,true,plantmegapack,plantmegapack.item.PMPItemPlant
plantmegapack:desertOcotillo,1764,true,plantmegapack,plantmegapack.item.PMPItemPlant
plantmegapack:desertPeninsulaOnion,1765,true,plantmegapack,plantmegapack.item.PMPItemPlant
plantmegapack:desertSeepwood,1766,true,plantmegapack,plantmegapack.item.PMPItemPlant
plantmegapack:desertWhiteSage,1767,true,plantmegapack,plantmegapack.item.PMPItemPlant
plantmegapack:epiphyteApacheDwarf,1768,true,plantmegapack,plantmegapack.item.PMPItemPlant
plantmegapack:epiphyteArtistsConk,1769,true,plantmegapack,plantmegapack.item.PMPItemPlant
plantmegapack:epiphyteClimbingCactus,1770,true,plantmegapack,plantmegapack.item.PMPItemPlant
plantmegapack:epiphyteCreepingMistletoe,1771,true,plantmegapack,plantmegapack.item.PMPItemPlant
plantmegapack:epiphyteCrimsonCattleya,1772,true,plantmegapack,plantmegapack.item.PMPItemPlant
plantmegapack:epiphyteCuthbertsDendrobium,1773,true,plantmegapack,plantmegapack.item.PMPItemPlant
plantmegapack:epiphyteFishBoneCactus,1774,true,plantmegapack,plantmegapack.item.PMPItemPlant
plantmegapack:epiphyteFragrantFern,1775,true,plantmegapack,plantmegapack.item.PMPItemPlant
plantmegapack:epiphyteHarlequinMistletoe,1776,true,plantmegapack,plantmegapack.item.PMPItemPlant
plantmegapack:epiphyteKingOrchid,1777,true,plantmegapack,plantmegapack.item.PMPItemPlant
plantmegapack:epiphyteLargeFootDendrobium,1778,true,plantmegapack,plantmegapack.item.PMPItemPlant
plantmegapack:epiphyteLanternForest,1779,true,plantmegapack,plantmegapack.item.PMPItemPlant
plantmegapack:epiphyteMistletoe,1780,true,plantmegapack,plantmegapack.item.PMPItemPlant
plantmegapack:epiphyteSulphurShelf,1781,true,plantmegapack,plantmegapack.item.PMPItemPlant
plantmegapack:epiphyteTampaOrchid,1782,true,plantmegapack,plantmegapack.item.PMPItemPlant
plantmegapack:epiphyteTillandsiaIonantha,1783,true,plantmegapack,plantmegapack.item.PMPItemPlant
plantmegapack:epiphyteTurkeyTail,1784,true,plantmegapack,plantmegapack.item.PMPItemPlant
plantmegapack:epiphyteWildfire,1785,true,plantmegapack,plantmegapack.item.PMPItemPlant
plantmegapack:fernCretanBrake,1786,true,plantmegapack,plantmegapack.item.PMPItemPlant
plantmegapack:fernDwarfPalmetto,1787,true,plantmegapack,plantmegapack.item.PMPItemPlant
plantmegapack:fernHayScented,1788,true,plantmegapack,plantmegapack.item.PMPItemPlant
plantmegapack:fernKangaroo,1789,true,plantmegapack,plantmegapack.item.PMPItemPlant
plantmegapack:fernMaidenhairSpleenwort,1790,true,plantmegapack,plantmegapack.item.PMPItemPlant
plantmegapack:fernOstrich,1791,true,plantmegapack,plantmegapack.item.PMPItemPlant
plantmegapack:fernScalyTree,1792,true,plantmegapack,plantmegapack.item.PMPItemPlant
plantmegapack:fernSword,1793,true,plantmegapack,plantmegapack.item.PMPItemPlant
plantmegapack:fernWoodsia,1794,true,plantmegapack,plantmegapack.item.PMPItemPlant
plantmegapack:floatingDuckweed,1795,true,plantmegapack,plantmegapack.item.PMPItemPlant
plantmegapack:floatingRedRootFloater,1796,true,plantmegapack,plantmegapack.item.PMPItemPlant
plantmegapack:floatingWaterChestnut,1797,true,plantmegapack,plantmegapack.item.PMPItemPlant
plantmegapack:floatingWaterHyacinth,1798,true,plantmegapack,plantmegapack.item.PMPItemPlant
plantmegapack:floatingWaterLettuce,1799,true,plantmegapack,plantmegapack.item.PMPItemPlant
plantmegapack:floatingWaterLily,1800,true,plantmegapack,plantmegapack.item.PMPItemPlant
plantmegapack:flowerAchillea,1801,true,plantmegapack,plantmegapack.item.PMPItemPlant
plantmegapack:flowerAzalea,1802,true,plantmegapack,plantmegapack.item.PMPItemPlant
plantmegapack:flowerBegonia,1803,true,plantmegapack,plantmegapack.item.PMPItemPlant
plantmegapack:flowerBell,1804,true,plantmegapack,plantmegapack.item.PMPItemPlant
plantmegapack:flowerCarnation,1805,true,plantmegapack,plantmegapack.item.PMPItemPlant
plantmegapack:flowerCelosia,1806,true,plantmegapack,plantmegapack.item.PMPItemPlant
plantmegapack:flowerColumbine,1807,true,plantmegapack,plantmegapack.item.PMPItemPlant
plantmegapack:flowerDahlia,1808,true,plantmegapack,plantmegapack.item.PMPItemPlant
plantmegapack:flowerDaisy,1809,true,plantmegapack,plantmegapack.item.PMPItemPlant
plantmegapack:flowerDelphinium,1810,true,plantmegapack,plantmegapack.item.PMPItemPlant
plantmegapack:flowerGeranium,1811,true,plantmegapack,plantmegapack.item.PMPItemPlant
plantmegapack:flowerGladiolus,1812,true,plantmegapack,plantmegapack.item.PMPItemPlant
plantmegapack:flowerHawkweed,1813,true,plantmegapack,plantmegapack.item.PMPItemPlant
plantmegapack:flowerHydrangea,1814,true,plantmegapack,plantmegapack.item.PMPItemPlant
plantmegapack:flowerLily,1815,true,plantmegapack,plantmegapack.item.PMPItemPlant
plantmegapack:flowerLupine,1816,true,plantmegapack,plantmegapack.item.PMPItemPlant
plantmegapack:flowerMarigold,1817,true,plantmegapack,plantmegapack.item.PMPItemPlant
plantmegapack:flowerNemesia,1818,true,plantmegapack,plantmegapack.item.PMPItemPlant
plantmegapack:flowerRose,1819,true,plantmegapack,plantmegapack.item.PMPItemPlant
plantmegapack:flowerTulip,1820,true,plantmegapack,plantmegapack.item.PMPItemPlant
plantmegapack:flowerAlpineThistle,1821,true,plantmegapack,plantmegapack.item.PMPItemPlant
plantmegapack:flowerBirdofParadise,1822,true,plantmegapack,plantmegapack.item.PMPItemPlant
plantmegapack:flowerBlueStar,1823,true,plantmegapack,plantmegapack.item.PMPItemPlant
plantmegapack:flowerBurningLove,1824,true,plantmegapack,plantmegapack.item.PMPItemPlant
plantmegapack:flowerCandelabraAloe,1825,true,plantmegapack,plantmegapack.item.PMPItemPlant
plantmegapack:flowerDandelion,1826,true,plantmegapack,plantmegapack.item.PMPItemPlant
plantmegapack:flowerDottedBlazingstar,1827,true,plantmegapack,plantmegapack.item.PMPItemPlant
plantmegapack:flowerElephantEars,1828,true,plantmegapack,plantmegapack.item.PMPItemPlant
plantmegapack:flowerFoamFlower,1829,true,plantmegapack,plantmegapack.item.PMPItemPlant
plantmegapack:flowerFuchsia,1830,true,plantmegapack,plantmegapack.item.PMPItemPlant
plantmegapack:flowerJacobsLadder,1831,true,plantmegapack,plantmegapack.item.PMPItemPlant
plantmegapack:flowerLionsTail,1832,true,plantmegapack,plantmegapack.item.PMPItemPlant
plantmegapack:flowerMediterraneanSeaHolly,1833,true,plantmegapack,plantmegapack.item.PMPItemPlant
plantmegapack:flowerMezereon,1834,true,plantmegapack,plantmegapack.item.PMPItemPlant
plantmegapack:flowerNewGuineaImpatiens,1835,true,plantmegapack,plantmegapack.item.PMPItemPlant
plantmegapack:flowerParrotsBeak,1836,true,plantmegapack,plantmegapack.item.PMPItemPlant
plantmegapack:flowerPurpleConeflower,1837,true,plantmegapack,plantmegapack.item.PMPItemPlant
plantmegapack:flowerPeruvianLily,1838,true,plantmegapack,plantmegapack.item.PMPItemPlant
plantmegapack:flowerQuinoa,1839,true,plantmegapack,plantmegapack.item.PMPItemPlant
plantmegapack:flowerRoseCampion,1840,true,plantmegapack,plantmegapack.item.PMPItemPlant
plantmegapack:flowerStreamsideBluebells,1841,true,plantmegapack,plantmegapack.item.PMPItemPlant
plantmegapack:flowerTorchLily,1842,true,plantmegapack,plantmegapack.item.PMPItemPlant
plantmegapack:flowerViolet,1843,true,plantmegapack,plantmegapack.item.PMPItemPlant
plantmegapack:flowerWildCarrot,1844,true,plantmegapack,plantmegapack.item.PMPItemPlant
plantmegapack:flowerWildDaffodil,1845,true,plantmegapack,plantmegapack.item.PMPItemPlant
plantmegapack:flowerWoodlandPinkroot,1846,true,plantmegapack,plantmegapack.item.PMPItemPlant
plantmegapack:flowerYellowToadflax,1847,true,plantmegapack,plantmegapack.item.PMPItemPlant
plantmegapack:forestArcticGentian,1848,true,plantmegapack,plantmegapack.item.PMPItemPlant
plantmegapack:forestAustralianBugle,1849,true,plantmegapack,plantmegapack.item.PMPItemPlant
plantmegapack:forestBloodroot,1850,true,plantmegapack,plantmegapack.item.PMPItemPlant
plantmegapack:forestBroadleafMeadowsweet,1851,true,plantmegapack,plantmegapack.item.PMPItemPlant
plantmegapack:leafyColeus,1852,true,plantmegapack,plantmegapack.item.PMPItemPlant
plantmegapack:forestDeadnettle,1853,true,plantmegapack,plantmegapack.item.PMPItemPlant
plantmegapack:forestDeceivingTrillium,1854,true,plantmegapack,plantmegapack.item.PMPItemPlant
plantmegapack:forestFairySlipper,1855,true,plantmegapack,plantmegapack.item.PMPItemPlant
plantmegapack:forestGiantAngelica,1856,true,plantmegapack,plantmegapack.item.PMPItemPlant
plantmegapack:forestHorseweed,1857,true,plantmegapack,plantmegapack.item.PMPItemPlant
plantmegapack:forestKneelingAngelica,1858,true,plantmegapack,plantmegapack.item.PMPItemPlant
plantmegapack:forestLilyoftheValley,1859,true,plantmegapack,plantmegapack.item.PMPItemPlant
plantmegapack:forestLongBractedOrchid,1860,true,plantmegapack,plantmegapack.item.PMPItemPlant
plantmegapack:forestNorthernPitcherPlant,1861,true,plantmegapack,plantmegapack.item.PMPItemPlant
plantmegapack:forestMerrybells,1862,true,plantmegapack,plantmegapack.item.PMPItemPlant
plantmegapack:forestPinesap,1863,true,plantmegapack,plantmegapack.item.PMPItemPlant
plantmegapack:forestRedHelleborine,1864,true,plantmegapack,plantmegapack.item.PMPItemPlant
plantmegapack:forestSalal,1865,true,plantmegapack,plantmegapack.item.PMPItemPlant
plantmegapack:forestSpringVetchling,1866,true,plantmegapack,plantmegapack.item.PMPItemPlant
plantmegapack:leafyStonecrop,1867,true,plantmegapack,plantmegapack.item.PMPItemPlant
plantmegapack:forestVanillaLeaf,1868,true,plantmegapack,plantmegapack.item.PMPItemPlant
plantmegapack:forestWesternWallflower,1869,true,plantmegapack,plantmegapack.item.PMPItemPlant
plantmegapack:forestWildColumbine,1870,true,plantmegapack,plantmegapack.item.PMPItemPlant
plantmegapack:forestWildMint,1871,true,plantmegapack,plantmegapack.item.PMPItemPlant
plantmegapack:forestWolfsFootClubmoss,1872,true,plantmegapack,plantmegapack.item.PMPItemPlant
plantmegapack:forestWoodlandKnotweed,1873,true,plantmegapack,plantmegapack.item.PMPItemPlant
plantmegapack:forestYellowLadySlipper,1874,true,plantmegapack,plantmegapack.item.PMPItemPlant
plantmegapack:riverAmazonSword,1875,true,plantmegapack,plantmegapack.item.PMPItemPlant
plantmegapack:riverCanadianWaterweed,1876,true,plantmegapack,plantmegapack.item.PMPItemPlant
plantmegapack:riverCoonsTail,1877,true,plantmegapack,plantmegapack.item.PMPItemPlant
plantmegapack:waterCryptWendtii,1878,true,plantmegapack,plantmegapack.item.PMPItemPlant
plantmegapack:waterDwarfHairGrass,1879,true,plantmegapack,plantmegapack.item.PMPItemPlant
plantmegapack:riverEelgrass,1880,true,plantmegapack,plantmegapack.item.PMPItemPlant
plantmegapack:waterMondoGrass,1881,true,plantmegapack,plantmegapack.item.PMPItemPlant
plantmegapack:riverWaterWisteria,1882,true,plantmegapack,plantmegapack.item.PMPItemPlant
plantmegapack:riverWrightsWaternymph,1883,true,plantmegapack,plantmegapack.item.PMPItemPlant
plantmegapack:fungusBlackPowderpuff,1884,true,plantmegapack,plantmegapack.item.PMPItemPlant
plantmegapack:fungusChanterelle,1885,true,plantmegapack,plantmegapack.item.PMPItemPlant
plantmegapack:fungusDeathCap,1886,true,plantmegapack,plantmegapack.item.PMPItemPlant
plantmegapack:fungusGiantClub,1887,true,plantmegapack,plantmegapack.item.PMPItemPlant
plantmegapack:fungusParasol,1888,true,plantmegapack,plantmegapack.item.PMPItemPlant
plantmegapack:fungusStinkhorn,1889,true,plantmegapack,plantmegapack.item.PMPItemPlant
plantmegapack:fungusWeepingMilkCap,1890,true,plantmegapack,plantmegapack.item.PMPItemPlant
plantmegapack:fungusWoodBlewit,1891,true,plantmegapack,plantmegapack.item.PMPItemPlant
plantmegapack:fungusWoollyGomphus,1892,true,plantmegapack,plantmegapack.item.PMPItemPlant
plantmegapack:grassBlueWheatgrass,1893,true,plantmegapack,plantmegapack.item.PMPItemPlant
plantmegapack:grassCord,1894,true,plantmegapack,plantmegapack.item.PMPItemPlant
plantmegapack:grassFountain,1895,true,plantmegapack,plantmegapack.item.PMPItemPlant
plantmegapack:grassMaiden,1896,true,plantmegapack,plantmegapack.item.PMPItemPlant
plantmegapack:grassMeadow,1897,true,plantmegapack,plantmegapack.item.PMPItemPlant
plantmegapack:grassMeadowFoxtail,1898,true,plantmegapack,plantmegapack.item.PMPItemPlant
plantmegapack:grassPrairie,1899,true,plantmegapack,plantmegapack.item.PMPItemPlant
plantmegapack:grassSeaOats,1900,true,plantmegapack,plantmegapack.item.PMPItemPlant
plantmegapack:grassSilverMoor,1901,true,plantmegapack,plantmegapack.item.PMPItemPlant
plantmegapack:grassSwitch,1902,true,plantmegapack,plantmegapack.item.PMPItemPlant
plantmegapack:groundcoverClover,1903,true,plantmegapack,plantmegapack.item.PMPItemPlant
plantmegapack:groundcoverIvy,1907,true,plantmegapack,plantmegapack.item.PMPItemPlant
plantmegapack:groundcoverMoss,1910,true,plantmegapack,plantmegapack.item.PMPItemPlant
plantmegapack:immersedArrowArum,1912,true,plantmegapack,plantmegapack.item.PMPItemPlant
plantmegapack:immersedCommonReed,1913,true,plantmegapack,plantmegapack.item.PMPItemPlant
plantmegapack:immersedDuckPotato,1914,true,plantmegapack,plantmegapack.item.PMPItemPlant
plantmegapack:immersedEuropeanBurReed,1915,true,plantmegapack,plantmegapack.item.PMPItemPlant
plantmegapack:immersedGreySedge,1916,true,plantmegapack,plantmegapack.item.PMPItemPlant
plantmegapack:immersedSimplestemBurReed,1917,true,plantmegapack,plantmegapack.item.PMPItemPlant
plantmegapack:immersedSoftstemBulrush,1918,true,plantmegapack,plantmegapack.item.PMPItemPlant
plantmegapack:immersedWaterMannagrass,1919,true,plantmegapack,plantmegapack.item.PMPItemPlant
plantmegapack:immersedYellowFlag,1920,true,plantmegapack,plantmegapack.item.PMPItemPlant
plantmegapack:jungleConeHeadedGuzmania,1921,true,plantmegapack,plantmegapack.item.PMPItemPlant
plantmegapack:jungleDevilsTongue,1922,true,plantmegapack,plantmegapack.item.PMPItemPlant
plantmegapack:leafyEmeraldPhilodendron,1923,true,plantmegapack,plantmegapack.item.PMPItemPlant
plantmegapack:jungleHoneySpurge,1924,true,plantmegapack,plantmegapack.item.PMPItemPlant
plantmegapack:jungleJungleLantern,1925,true,plantmegapack,plantmegapack.item.PMPItemPlant
plantmegapack:jungleLazarusBell,1926,true,plantmegapack,plantmegapack.item.PMPItemPlant
plantmegapack:jungleLobsterClaws,1927,true,plantmegapack,plantmegapack.item.PMPItemPlant
plantmegapack:jungleLollipopPlant,1928,true,plantmegapack,plantmegapack.item.PMPItemPlant
plantmegapack:jungleMadagascarPalm,1929,true,plantmegapack,plantmegapack.item.PMPItemPlant
plantmegapack:junglePalmLily,1930,true,plantmegapack,plantmegapack.item.PMPItemPlant
plantmegapack:junglePanamaQueen,1931,true,plantmegapack,plantmegapack.item.PMPItemPlant
plantmegapack:junglePorteaAlatisepala,1932,true,plantmegapack,plantmegapack.item.PMPItemPlant
plantmegapack:jungleRacinaeaFraseri,1933,true,plantmegapack,plantmegapack.item.PMPItemPlant
plantmegapack:jungleRicheaDracophylla,1934,true,plantmegapack,plantmegapack.item.PMPItemPlant
plantmegapack:jungleShellflower,1935,true,plantmegapack,plantmegapack.item.PMPItemPlant
plantmegapack:jungleSilverVase,1936,true,plantmegapack,plantmegapack.item.PMPItemPlant
plantmegapack:jungleStaghornClubmoss,1937,true,plantmegapack,plantmegapack.item.PMPItemPlant
plantmegapack:jungleTorchGinger,1938,true,plantmegapack,plantmegapack.item.PMPItemPlant
plantmegapack:jungleVoodooLily,1939,true,plantmegapack,plantmegapack.item.PMPItemPlant
plantmegapack:mountainAlpineArmeria,1940,true,plantmegapack,plantmegapack.item.PMPItemPlant
plantmegapack:mountainAlpineBellflower,1941,true,plantmegapack,plantmegapack.item.PMPItemPlant
plantmegapack:mountainBistort,1942,true,plantmegapack,plantmegapack.item.PMPItemPlant
plantmegapack:mountainEdelweiss,1943,true,plantmegapack,plantmegapack.item.PMPItemPlant
plantmegapack:mountainHouseleek,1944,true,plantmegapack,plantmegapack.item.PMPItemPlant
plantmegapack:mountainIris,1945,true,plantmegapack,plantmegapack.item.PMPItemPlant
plantmegapack:leafyKrisPlant,1946,true,plantmegapack,plantmegapack.item.PMPItemPlant
plantmegapack:mountainNorthernWillowherb,1947,true,plantmegapack,plantmegapack.item.PMPItemPlant
plantmegapack:mountainScarletTrumpet,1948,true,plantmegapack,plantmegapack.item.PMPItemPlant
plantmegapack:mountainYellowBellflower,1949,true,plantmegapack,plantmegapack.item.PMPItemPlant
plantmegapack:plainsPrairieBrome,1950,true,plantmegapack,plantmegapack.item.PMPItemPlant
plantmegapack:plainsPrairieSage,1951,true,plantmegapack,plantmegapack.item.PMPItemPlant
plantmegapack:leafyPricklyLettuce,1952,true,plantmegapack,plantmegapack.item.PMPItemPlant
plantmegapack:plainsReedCanaryGrass,1953,true,plantmegapack,plantmegapack.item.PMPItemPlant
plantmegapack:plainsShortrayFleabane,1954,true,plantmegapack,plantmegapack.item.PMPItemPlant
plantmegapack:plainsSmallPasqueFlower,1955,true,plantmegapack,plantmegapack.item.PMPItemPlant
plantmegapack:plainsSmoothAster,1956,true,plantmegapack,plantmegapack.item.PMPItemPlant
plantmegapack:leafyStingingNettle,1957,true,plantmegapack,plantmegapack.item.PMPItemPlant
plantmegapack:plainsThreeFloweredAvens,1958,true,plantmegapack,plantmegapack.item.PMPItemPlant
plantmegapack:oceanCommonEelgrass,1959,true,plantmegapack,plantmegapack.item.PMPItemPlant
plantmegapack:oceanCoralWeed,1960,true,plantmegapack,plantmegapack.item.PMPItemPlant
plantmegapack:waterKelpGiantGRN,1961,true,plantmegapack,plantmegapack.item.PMPItemPlant
plantmegapack:waterKelpGiantYEL,1962,true,plantmegapack,plantmegapack.item.PMPItemPlant
plantmegapack:oceanMozuku,1963,true,plantmegapack,plantmegapack.item.PMPItemPlant
plantmegapack:oceanRockweed,1964,true,plantmegapack,plantmegapack.item.PMPItemPlant
plantmegapack:oceanSeaGrapes,1965,true,plantmegapack,plantmegapack.item.PMPItemPlant
plantmegapack:oceanSeaLettuce,1966,true,plantmegapack,plantmegapack.item.PMPItemPlant
plantmegapack:oceanTangle,1967,true,plantmegapack,plantmegapack.item.PMPItemPlant
plantmegapack:savannaButterflyWeed,1968,true,plantmegapack,plantmegapack.item.PMPItemPlant
plantmegapack:leafyDevilsShoestring,1969,true,plantmegapack,plantmegapack.item.PMPItemPlant
plantmegapack:savannaHoaryVervain,1970,true,plantmegapack,plantmegapack.item.PMPItemPlant
plantmegapack:savannaLeadplant,1971,true,plantmegapack,plantmegapack.item.PMPItemPlant
plantmegapack:savannaMarcela,1972,true,plantmegapack,plantmegapack.item.PMPItemPlant
plantmegapack:savannaNorthernBedstraw,1973,true,plantmegapack,plantmegapack.item.PMPItemPlant
plantmegapack:leafyPaleYucca,1974,true,plantmegapack,plantmegapack.item.PMPItemPlant
plantmegapack:savannaPiersonsMilkVetch,1975,true,plantmegapack,plantmegapack.item.PMPItemPlant
plantmegapack:savannaPropellerPlant,1976,true,plantmegapack,plantmegapack.item.PMPItemPlant
plantmegapack:savannaShonaCabbage,1977,true,plantmegapack,plantmegapack.item.PMPItemPlant
plantmegapack:savannaTexasTickseed,1978,true,plantmegapack,plantmegapack.item.PMPItemPlant

plantmegapack:vineFlowersBurgundy,2006,true,plantmegapack,plantmegapack.item.PMPItemPlant
plantmegapack:vineFlowersRed,2007,true,plantmegapack,plantmegapack.item.PMPItemPlant
plantmegapack:vineFlowersCoral,2008,true,plantmegapack,plantmegapack.item.PMPItemPlant
plantmegapack:vineFlowersOrange,2009,true,plantmegapack,plantmegapack.item.PMPItemPlant
plantmegapack:vineFlowersYellow,2010,true,plantmegapack,plantmegapack.item.PMPItemPlant
plantmegapack:vineFlowersCyan,2011,true,plantmegapack,plantmegapack.item.PMPItemPlant
plantmegapack:vineFlowersGreen,2012,true,plantmegapack,plantmegapack.item.PMPItemPlant
plantmegapack:vineFlowersBlue,2013,true,plantmegapack,plantmegapack.item.PMPItemPlant
plantmegapack:vineFlowersRoyal,2014,true,plantmegapack,plantmegapack.item.PMPItemPlant
plantmegapack:vineFlowersPurple,2015,true,plantmegapack,plantmegapack.item.PMPItemPlant
plantmegapack:vineFlowersMagenta,2016,true,plantmegapack,plantmegapack.item.PMPItemPlant
plantmegapack:vineFlowersPink,2017,true,plantmegapack,plantmegapack.item.PMPItemPlant
plantmegapack:vineFlowersWhite,2018,true,plantmegapack,plantmegapack.item.PMPItemPlant
plantmegapack:vineJapaneseIvy,2019,true,plantmegapack,plantmegapack.item.PMPItemPlant
plantmegapack:vineSilverveinCreeper,2020,true,plantmegapack,plantmegapack.item.PMPItemPlant
plantmegapack:vineSpanishMoss,2021,true,plantmegapack,plantmegapack.item.PMPItemPlant
plantmegapack:vineSwedishIvy,2022,true,plantmegapack,plantmegapack.item.PMPItemPlant
plantmegapack:vineVariegatedPersianIvy,2023,true,plantmegapack,plantmegapack.item.PMPItemPlant
plantmegapack:wetlandsCattails,2024,true,plantmegapack,plantmegapack.item.PMPItemPlant
plantmegapack:wetlandsClubrush,2025,true,plantmegapack,plantmegapack.item.PMPItemPlant
plantmegapack:wetlandsCommonRush,2026,true,plantmegapack,plantmegapack.item.PMPItemPlant
plantmegapack:wetlandsFloweringRush,2027,true,plantmegapack,plantmegapack.item.PMPItemPlant
plantmegapack:wetlandsPickerelweed,2028,true,plantmegapack,plantmegapack.item.PMPItemPlant
plantmegapack:wetlandsReedMannagrass,2029,true,plantmegapack,plantmegapack.item.PMPItemPlant
plantmegapack:wetlandsSwampMilkweed,2030,true,plantmegapack,plantmegapack.item.PMPItemPlant
plantmegapack:wetlandsWaterHorsetail,2031,true,plantmegapack,plantmegapack.item.PMPItemPlant
plantmegapack:wetlandsWhiteTurtlehead,2032,true,plantmegapack,plantmegapack.item.PMPItemPlant



UsefulFood:AppleCakeBlock,2239,true,UsefulFood,net.minecraft.item.ItemBlock
UsefulFood:ChocolateCakeBlock,2240,true,UsefulFood,net.minecraft.item.ItemBlock
UsefulFood:MagicCakeBlock,2241,true,UsefulFood,net.minecraft.item.ItemBlock
UsefulFood:CaramelCakeBlock,2242,true,UsefulFood,net.minecraft.item.ItemBlock

witchery:belladonna,2244,true,witchery,net.minecraft.item.ItemBlock
witchery:mandrake,2245,true,witchery,net.minecraft.item.ItemBlock
witchery:artichoke,2246,true,witchery,net.minecraft.item.ItemBlock
witchery:snowbell,2247,true,witchery,net.minecraft.item.ItemBlock
witchery:wormwood,2248,true,witchery,net.minecraft.item.ItemBlock
witchery:wolfsbane,2250,true,witchery,net.minecraft.item.ItemBlock
witchery:garlicplant,2251,true,witchery,net.minecraft.item.ItemBlock
witchery:witchsapling,2252,true,witchery,com.emoniph.witchery.blocks.BlockWitchSapling.ClassItemBlock
witchery:witchlog,2253,true,witchery,com.emoniph.witchery.blocks.BlockWitchLog.ClassItemBlock
witchery:witchleaves,2254,true,witchery,com.emoniph.witchery.blocks.BlockWitchLeaves.ClassItemBlock
witchery:voidbramble,2255,true,witchery,net.minecraft.item.ItemBlock
witchery:glintweed,2269,true,witchery,net.minecraft.item.ItemBlock
witchery:spanishmoss,2270,true,witchery,net.minecraft.item.ItemBlock
witchery:embermoss,2273,true,witchery,net.minecraft.item.ItemBlock
witchery:crittersnare,2274,true,witchery,com.emoniph.witchery.blocks.BlockCritterSnare.ClassItemBlock
witchery:grassper,2275,true,witchery,net.minecraft.item.ItemBlock
witchery:bloodrose,2276,true,witchery,net.minecraft.item.ItemBlock
witchery:somniancotton,2277,true,witchery,net.minecraft.item.ItemBlock
witchery:web,2278,true,witchery,net.minecraft.item.ItemBlock
witchery:vine,2279,true,witchery,net.minecraft.item.ItemBlock
witchery:cactus,2280,true,witchery,net.minecraft.item.ItemBlock
witchery:lilypad,2281,true,witchery,net.minecraft.item.ItemBlock
witchery:demonheart,2282,true,witchery,net.minecraft.item.ItemBlock
witchery:wolfhead,2283,true,witchery,com.emoniph.witchery.item.ItemWolfHead
witchery:witchwood,2284,true,witchery,com.emoniph.witchery.blocks.BlockWitchWood.ClassItemBlock
witchery:chalice,2292,true,witchery,net.minecraft.item.ItemBlock
witchery:candelabra,2293,true,witchery,net.minecraft.item.ItemBlock
witchery:placeditem,2294,true,witchery,net.minecraft.item.ItemBlock
witchery:wickerbundle,2296,true,witchery,com.emoniph.witchery.blocks.BlockWickerBundle.ClassItemBlock
witchery:glowglobe,2297,true,witchery,net.minecraft.item.ItemBlock
witchery:infinityegg,2313,true,witchery,net.minecraft.item.ItemBlock
witchery:slurp,2314,true,witchery,net.minecraft.item.ItemBlock
witchery:pitdirt,2315,true,witchery,net.minecraft.item.ItemBlock
witchery:pitgrass,2316,true,witchery,net.minecraft.item.ItemBlock
witchery:garlicgarland,2317,true,witchery,net.minecraft.item.ItemBlock
witchery:bloodedwool,2318,true,witchery,net.minecraft.item.ItemBlock
witchery:shadedglass,2319,true,witchery,com.emoniph.witchery.blocks.BlockShadedGlass.ClassItemBlock
witchery:shadedglass_active,2320,true,witchery,com.emoniph.witchery.blocks.BlockShadedGlass.ClassItemBlock
witchery:refillingchest,2322,true,witchery,net.minecraft.item.ItemBlock
witchery:leechchest,2326,true,witchery,net.minecraft.item.ItemBlock
witchery:altar,2327,true,witchery,net.minecraft.item.ItemBlock
witchery:kettle,2328,true,witchery,net.minecraft.item.ItemBlock
witchery:poppetshelf,2329,true,witchery,net.minecraft.item.ItemBlock
witchery:dreamcatcher,2330,true,witchery,net.minecraft.item.ItemBlock
witchery:crystalball,2331,true,witchery,net.minecraft.item.ItemBlock
witchery:spiritportal,2332,true,witchery,net.minecraft.item.ItemBlock
witchery:tormentportal,2333,true,witchery,net.minecraft.item.ItemBlock
witchery:spinningwheel,2334,true,witchery,net.minecraft.item.ItemBlock
witchery:brazier,2335,true,witchery,net.minecraft.item.ItemBlock
witchery:beartrap,2351,true,witchery,net.minecraft.item.ItemBlock
witchery:spiritflowing,2364,true,witchery,net.minecraft.item.ItemBlock
witchery:hollowtears,2365,true,witchery,net.minecraft.item.ItemBlock
witchery:disease,2366,true,witchery,net.minecraft.item.ItemBlock
witchery:brew,2367,true,witchery,net.minecraft.item.ItemBlock
witchery:brewgas,2368,true,witchery,net.minecraft.item.ItemBlock
witchery:brewliquid,2369,true,witchery,net.minecraft.item.ItemBlock
witchery:clever,2370,true,witchery,net.minecraft.item.ItemBlock


HarderWildlife:winterWheatSeeds,4132,false,HarderWildlife,com.draco18s.wildlife.item.ItemWinterWheatSeeds
HarderWildlife:thermometer,4133,false,HarderWildlife,com.draco18s.wildlife.item.ItemThermometer
HarderWildlife:rainmeter,4134,false,HarderWildlife,com.draco18s.wildlife.item.ItemRainMeter
HarderWildlife:chevonRaw,4135,false,HarderWildlife,net.minecraft.item.ItemFood
HarderWildlife:chevonCooked,4136,false,HarderWildlife,net.minecraft.item.ItemFood
HarderWildlife:dendrometer,4137,false,HarderWildlife,com.draco18s.wildlife.item.ItemDendrometer
HarderWildlife:dendricide,4138,false,HarderWildlife,com.draco18s.wildlife.item.ItemDendricide
HarderWildlife:seasonal_calendar,4139,false,HarderWildlife,com.draco18s.wildlife.item.ItemCalendar
HarderWildlife:rawLeather,4140,false,HarderWildlife,net.minecraft.item.Item
HarderWildlife:vitometer,4141,false,HarderWildlife,com.draco18s.wildlife.item.ItemVitometer
HarderWildlife:itemAchievementIcons,4142,false,HarderWildlife,com.draco18s.wildlife.item.AchievementIcons

DCsAppleMilk:defeatedcrow.grater,4228,false,DCsAppleMilk,mods.defeatedcrow.common.item.appliance.ItemGrater
DCsAppleMilk:defeatedcrow.firestarter,4229,false,DCsAppleMilk,mods.defeatedcrow.common.item.ItemFireStarter
DCsAppleMilk:defeatedcrow.chalcedonyStoneCutter,4230,false,DCsAppleMilk,mods.defeatedcrow.common.item.ItemChalcedonyHammer
DCsAppleMilk:defeatedcrow.chalcedonyKnife,4231,false,DCsAppleMilk,mods.defeatedcrow.common.item.ItemChalcedonyKnife
DCsAppleMilk:defeatedcrow.chalcedonyShears,4232,false,DCsAppleMilk,mods.defeatedcrow.common.item.ItemChalcedonyShears
DCsAppleMilk:defeatedcrow.monocle,4233,false,DCsAppleMilk,mods.defeatedcrow.common.item.ItemChalcedonyMonocle
DCsAppleMilk:defeatedcrow.onixSword,4234,false,DCsAppleMilk,mods.defeatedcrow.common.item.ItemOnixSword
DCsAppleMilk:defeatedcrow.chopsticks,4235,false,DCsAppleMilk,mods.defeatedcrow.common.item.ItemChopsticks
DCsAppleMilk:defeatedcrow.yuzuGatling,4236,false,DCsAppleMilk,mods.defeatedcrow.common.item.appliance.ItemYuzuGatling
DCsAppleMilk:defeatedcrow.fossilCannon,4237,false,DCsAppleMilk,mods.defeatedcrow.common.item.magic.ItemFossilCannon
DCsAppleMilk:defeatedcrow.debugArm,4238,false,DCsAppleMilk,mods.defeatedcrow.common.item.magic.ItemDebugArm
DCsAppleMilk:defeatedcrow.bakedApple,4239,false,DCsAppleMilk,mods.defeatedcrow.common.item.edible.ItemBakedApple
DCsAppleMilk:defeatedcrow.appleTart,4240,false,DCsAppleMilk,mods.defeatedcrow.common.item.edible.ItemAppleTart
DCsAppleMilk:defeatedcrow.appleSandwich,4241,false,DCsAppleMilk,mods.defeatedcrow.common.item.edible.ItemAppleSandwich
DCsAppleMilk:defeatedcrow.toffyApple,4242,false,DCsAppleMilk,mods.defeatedcrow.common.item.edible.ItemToffyApple
DCsAppleMilk:defeatedcrow.icyToffyApple,4243,false,DCsAppleMilk,mods.defeatedcrow.common.item.edible.ItemIcyToffyApple
DCsAppleMilk:defeatedcrow.condensedMilk,4244,false,DCsAppleMilk,mods.defeatedcrow.common.item.ItemEXItem
DCsAppleMilk:defeatedcrow.milkCandy,4245,false,DCsAppleMilk,mods.defeatedcrow.common.item.edible.ItemCondensedMilk
DCsAppleMilk:defeatedcrow.chocolateFruits,4246,false,DCsAppleMilk,mods.defeatedcrow.common.item.edible.ItemChocoFruits
DCsAppleMilk:defeatedcrow.leafTea,4247,false,DCsAppleMilk,mods.defeatedcrow.common.item.ItemLeafTea
DCsAppleMilk:defeatedcrow.seedMint,4248,false,DCsAppleMilk,mods.defeatedcrow.common.item.ItemMintSeed
DCsAppleMilk:defeatedcrow.clam,4249,false,DCsAppleMilk,mods.defeatedcrow.common.item.edible.ItemClam
DCsAppleMilk:defeatedcrow.foodTea,4250,false,DCsAppleMilk,mods.defeatedcrow.common.item.ItemFoodTea
DCsAppleMilk:defeatedcrow.gratedApple,4251,false,DCsAppleMilk,mods.defeatedcrow.common.item.edible.ItemGratedApple
DCsAppleMilk:defeatedcrow.mincedFoods,4252,false,DCsAppleMilk,mods.defeatedcrow.common.item.edible.ItemMincedFoods
DCsAppleMilk:defeatedcrow.yeast,4253,false,DCsAppleMilk,mods.defeatedcrow.common.item.edible.ItemYeast
DCsAppleMilk:defeatedcrow.moromi,4254,false,DCsAppleMilk,mods.defeatedcrow.common.item.edible.ItemMoromi
DCsAppleMilk:defeatedcrow.itemBottle,4255,false,DCsAppleMilk,mods.defeatedcrow.common.block.brewing.ItemLargeBottle
DCsAppleMilk:defeatedcrow.itemCordial,4256,false,DCsAppleMilk,mods.defeatedcrow.common.block.brewing.ItemCordial
DCsAppleMilk:defeatedcrow.basesoupitem,4257,false,DCsAppleMilk,mods.defeatedcrow.common.item.edible.ItemBaseSoupBowl
DCsAppleMilk:defeatedcrow.battery,4258,false,DCsAppleMilk,mods.defeatedcrow.common.item.appliance.ItemBattery
DCsAppleMilk:defeatedcrow.slotPanel,4259,false,DCsAppleMilk,mods.defeatedcrow.common.item.appliance.ItemSlotPanel
DCsAppleMilk:defeatedcrow.jawPlate,4260,false,DCsAppleMilk,mods.defeatedcrow.common.item.appliance.ItemJawplate
DCsAppleMilk:defeatedcrow.dustWood,4261,false,DCsAppleMilk,mods.defeatedcrow.common.item.magic.ItemWoodDust
DCsAppleMilk:defeatedcrow.essentialOil,4262,false,DCsAppleMilk,mods.defeatedcrow.common.item.magic.ItemEssentialOil
DCsAppleMilk:defeatedcrow.incense_rose,4263,false,DCsAppleMilk,mods.defeatedcrow.common.item.magic.ItemIncenseRose
DCsAppleMilk:defeatedcrow.incense_apple,4264,false,DCsAppleMilk,mods.defeatedcrow.common.item.magic.ItemIncenseApple
DCsAppleMilk:defeatedcrow.incense_mint,4265,false,DCsAppleMilk,mods.defeatedcrow.common.item.magic.ItemIncenseMint
DCsAppleMilk:defeatedcrow.incense_clam,4266,false,DCsAppleMilk,mods.defeatedcrow.common.item.magic.ItemIncenseClam
DCsAppleMilk:defeatedcrow.incense_ice,4267,false,DCsAppleMilk,mods.defeatedcrow.common.item.magic.ItemIncenseIce
DCsAppleMilk:defeatedcrow.incense_lavender,4268,false,DCsAppleMilk,mods.defeatedcrow.common.item.magic.ItemIncenseLavender
DCsAppleMilk:defeatedcrow.incense_sandalwood,4269,false,DCsAppleMilk,mods.defeatedcrow.common.item.magic.ItemIncenseSandalwood
DCsAppleMilk:defeatedcrow.incense_aloeswood,4270,false,DCsAppleMilk,mods.defeatedcrow.common.item.magic.ItemIncenseAgar
DCsAppleMilk:defeatedcrow.incense_frankincense,4271,false,DCsAppleMilk,mods.defeatedcrow.common.item.magic.ItemIncenseFrankincense
DCsAppleMilk:defeatedcrow.incense_yuzu,4272,false,DCsAppleMilk,mods.defeatedcrow.common.item.magic.ItemIncenseYuzu
DCsAppleMilk:defeatedcrow.incense_vanilla,4273,false,DCsAppleMilk,mods.defeatedcrow.common.item.magic.ItemIncenseVanilla
DCsAppleMilk:defeatedcrow.inkStick,4274,false,DCsAppleMilk,mods.defeatedcrow.common.item.ItemInkStick
DCsAppleMilk:defeatedcrow.icyCrystal,4275,false,DCsAppleMilk,mods.defeatedcrow.common.item.appliance.ItemIcyCrystal
DCsAppleMilk:defeatedcrow.princessClam,4276,false,DCsAppleMilk,mods.defeatedcrow.common.item.magic.ItemPrincessClam
DCsAppleMilk:defeatedcrow.stickCarbon,4277,false,DCsAppleMilk,mods.defeatedcrow.common.item.ItemCarbonStick
DCsAppleMilk:defeatedcrow.fossilScale,4280,false,DCsAppleMilk,mods.defeatedcrow.common.item.magic.ItemFossilScale
DCsAppleMilk:defeatedcrow.bucketVegiOil,4283,false,DCsAppleMilk,mods.defeatedcrow.common.fluid.ItemBucketVegiOil
DCsAppleMilk:defeatedcrow.bottleVegiOil,4284,false,DCsAppleMilk,mods.defeatedcrow.common.fluid.ItemBottleVegiOil
DCsAppleMilk:defeatedcrow.bucketCamOil,4285,false,DCsAppleMilk,mods.defeatedcrow.common.fluid.ItemBucketCamOil
DCsAppleMilk:defeatedcrow.bottleCamOil,4286,false,DCsAppleMilk,mods.defeatedcrow.common.fluid.ItemBottleCamOil
DCsAppleMilk:defeatedcrow.bucketYoungAlcohol,4287,false,DCsAppleMilk,mods.defeatedcrow.common.fluid.ItemBucketYoungAlcohol
AMTAddonJP:addonamtjp.grater_wooden,4290,false,AMTAddonJP,defeatedcrow.addonforamt.jpaddon.common.item.ItemAdvGrater
AMTAddonJP:addonamtjp.grater_diamond,4291,false,AMTAddonJP,defeatedcrow.addonforamt.jpaddon.common.item.ItemAdvGrater
AMTAddonJP:addonamtjp.materials,4292,false,AMTAddonJP,defeatedcrow.addonforamt.jpaddon.common.item.ItemMaterials
AMTAddonJP:addonamtjp.gems,4293,false,AMTAddonJP,defeatedcrow.addonforamt.jpaddon.common.item.ItemGems
AMTAddonJP:addonamtjp.fish,4294,false,AMTAddonJP,defeatedcrow.addonforamt.jpaddon.common.item.ItemFish
AMTAddonJP:addonamtjp.noodle,4295,false,AMTAddonJP,defeatedcrow.addonforamt.jpaddon.common.item.ItemNoodle
AMTAddonJP:addonamtjp.tealeaves,4296,false,AMTAddonJP,defeatedcrow.addonforamt.jpaddon.common.item.ItemTeaLeaves
AMTAddonJP:addonamtjp.dough,4297,false,AMTAddonJP,defeatedcrow.addonforamt.jpaddon.common.item.ItemDough
AMTAddonJP:addonamtjp.mincedfoods,4298,false,AMTAddonJP,defeatedcrow.addonforamt.jpaddon.common.item.ItemMincedJP
AMTAddonJP:addonamtjp.fluid_materials,4299,false,AMTAddonJP,defeatedcrow.addonforamt.jpaddon.common.item.ItemFluidMaterials
AMTAddonJP:addonamtjp.bottle,4300,false,AMTAddonJP,defeatedcrow.addonforamt.jpaddon.common.item.ItemBottles
AMTAddonJP:addonamtjp.linen_ball,4301,false,AMTAddonJP,defeatedcrow.addonforamt.jpaddon.common.item.ItemLinenBall
AMTAddonJP:addonamtjp.linen_cloth,4302,false,AMTAddonJP,defeatedcrow.addonforamt.jpaddon.common.item.ItemLinenCloth
AMTAddonJP:addonamtjp.drink_jp,4303,false,AMTAddonJP,defeatedcrow.addonforamt.jpaddon.common.item.foods.ItemJPDrinks
AMTAddonJP:addonamtjp.dish_non,4304,false,AMTAddonJP,defeatedcrow.addonforamt.jpaddon.common.item.foods.ItemNoDish
AMTAddonJP:addonamtjp.dish_square,4305,false,AMTAddonJP,defeatedcrow.addonforamt.jpaddon.common.item.foods.ItemSquareDish
AMTAddonJP:addonamtjp.dish_glass,4306,false,AMTAddonJP,defeatedcrow.addonforamt.jpaddon.common.item.foods.ItemGlassBowls
AMTAddonJP:addonamtjp.dish_jp,4307,false,AMTAddonJP,defeatedcrow.addonforamt.jpaddon.common.item.foods.ItemJPDish
AMTAddonJP:addonamtjp.bowl_rice,4308,false,AMTAddonJP,defeatedcrow.addonforamt.jpaddon.common.item.foods.ItemRiceBowls
AMTAddonJP:addonamtjp.bowl_jp,4309,false,AMTAddonJP,defeatedcrow.addonforamt.jpaddon.common.item.foods.ItemJPBowls
AMTAddonJP:addonamtjp.bowl_wood,4310,false,AMTAddonJP,defeatedcrow.addonforamt.jpaddon.common.item.foods.ItemWoodBowls
AMTAddonJP:addonamtjp.roast_pig,4311,false,AMTAddonJP,defeatedcrow.addonforamt.jpaddon.common.item.foods.ItemPig
AMTAddonJP:addonamtjp.bowl_rice_bamboo,4312,false,AMTAddonJP,defeatedcrow.addonforamt.jpaddon.common.item.foods.ItemRiceBowls_JP
AMTAddonJP:addonamtjp.bowl_jp_bamboo,4313,false,AMTAddonJP,defeatedcrow.addonforamt.jpaddon.common.item.foods.ItemJPBowls_JP
AMTAddonJP:addonamtjp.bowl_wood_bamboo,4314,false,AMTAddonJP,defeatedcrow.addonforamt.jpaddon.common.item.foods.ItemWoodBowls_JP
AMTAddonJP:addonamtjp.basic_hitoe_linen,4315,false,AMTAddonJP,defeatedcrow.addonforamt.jpaddon.common.item.armor.ArmorKimonoBase
AMTAddonJP:addonamtjp.basic_haori_linen,4316,false,AMTAddonJP,defeatedcrow.addonforamt.jpaddon.common.item.armor.ArmorKimonoBase
AMTAddonJP:addonamtjp.hakama_black,4317,false,AMTAddonJP,defeatedcrow.addonforamt.jpaddon.common.item.armor.ArmorKimonoBase
AMTAddonJP:addonamtjp.basic_hitoe_indigo,4318,false,AMTAddonJP,defeatedcrow.addonforamt.jpaddon.common.item.armor.ArmorKimonoBase
AMTAddonJP:addonamtjp.basic_haori_indigo,4319,false,AMTAddonJP,defeatedcrow.addonforamt.jpaddon.common.item.armor.ArmorKimonoBase
AMTAddonJP:addonamtjp.hakama_miko,4320,false,AMTAddonJP,defeatedcrow.addonforamt.jpaddon.common.item.armor.ArmorKimonoBase
AMTAddonJP:addonamtjp.apron_tofu,4321,false,AMTAddonJP,defeatedcrow.addonforamt.jpaddon.common.item.armor.ArmorKimonoBase
AMTAddonJP:addonamtjp.samue_indigo,4322,false,AMTAddonJP,defeatedcrow.addonforamt.jpaddon.common.item.armor.ArmorKimonoBase
AMTAddonJP:addonamtjp.haori_montuki,4323,false,AMTAddonJP,defeatedcrow.addonforamt.jpaddon.common.item.armor.ArmorKimonoBase
AMTAddonJP:addonamtjp.kimono_sakura,4324,false,AMTAddonJP,defeatedcrow.addonforamt.jpaddon.common.item.armor.ArmorKimonoBase
AMTAddonJP:addonamtjp.kimono_kanbai,4325,false,AMTAddonJP,defeatedcrow.addonforamt.jpaddon.common.item.armor.ArmorKimonoBase
AMTAddonJP:addonamtjp.kimono_sea,4326,false,AMTAddonJP,defeatedcrow.addonforamt.jpaddon.common.item.armor.ArmorKimonoBase
AMTAddonJP:addonamtjp.kimono_take,4327,false,AMTAddonJP,defeatedcrow.addonforamt.jpaddon.common.item.armor.ArmorKimonoBase
AMTAddonJP:addonamtjp.kimono_momiji,4328,false,AMTAddonJP,defeatedcrow.addonforamt.jpaddon.common.item.armor.ArmorKimonoBase
ExtrabiomesXL:extrabiomes.logturner,4443,false,ExtrabiomesXL,extrabiomes.items.LogTurner
ExtrabiomesXL:extrabiomes.food,4445,false,ExtrabiomesXL,extrabiomes.items.ItemCustomFood
ExtrabiomesXL:extrabiomes.crop,4446,false,ExtrabiomesXL,extrabiomes.items.ItemCustomCrop
ExtrabiomesXL:extrabiomes.paste,4449,false,ExtrabiomesXL,extrabiomes.module.fabrica.block.ItemPaste


customitems:carrotsoup,4861,false,customitems,me.otho.customItems.mod.items.food.CustomFood
customitems:minced_beef_and_vegetables,4864,false,customitems,me.otho.customItems.mod.items.CustomItem
customitems:minced_pork_and_vegetables,4865,false,customitems,me.otho.customItems.mod.items.CustomItem
customitems:minced_chicken_and_vegetables,4866,false,customitems,me.otho.customItems.mod.items.CustomItem


grapplemod:grapplinghook,5016,false,grapplemod,com.yyon.grapplinghook.items.grappleBow
grapplemod:hookshot,5017,false,grapplemod,com.yyon.grapplinghook.items.hookBow
grapplemod:launcheritem,5018,false,grapplemod,com.yyon.grapplinghook.items.launcherItem
grapplemod:longfallboots,5019,false,grapplemod,com.yyon.grapplinghook.items.LongFallBoots
grapplemod:enderhook,5020,false,grapplemod,com.yyon.grapplinghook.items.enderBow

Growthcraft:grc.rope,5021,false,Growthcraft,growthcraft.core.common.item.ItemRope
Growthcraft:grccore.salt,5022,false,Growthcraft,growthcraft.core.common.item.ItemSalt
Growthcraft:grccore.saltBottle,5023,false,Growthcraft,growthcraft.core.common.item.ItemBottleSalt
Growthcraft:grccore.saltBucket,5024,false,Growthcraft,growthcraft.core.common.item.ItemBucketSalt
Growthcraft:grccore.BottleFluidSaltWater,5025,false,Growthcraft,growthcraft.core.common.item.ItemBottleFluid
Growthcraft:grccore.BucketFluidSaltWater,5026,false,Growthcraft,growthcraft.core.common.item.ItemBucketFluid
Growthcraft|Bamboo:grc.bamboo,5027,false,Growthcraft|Bamboo,growthcraft.bamboo.common.item.ItemBamboo
Growthcraft|Bamboo:grc.bambooDoorItem,5028,false,Growthcraft|Bamboo,growthcraft.bamboo.common.item.ItemBambooDoor
Growthcraft|Bamboo:grc.bambooRaft,5029,false,Growthcraft|Bamboo,growthcraft.bamboo.common.item.ItemBambooRaft
Growthcraft|Bamboo:grc.bambooCoal,5030,false,Growthcraft|Bamboo,growthcraft.bamboo.common.item.ItemBambooCoal
Growthcraft|Bamboo:grc.bambooShootFood,5031,false,Growthcraft|Bamboo,growthcraft.bamboo.common.item.ItemBambooShoot
Growthcraft|Cellar:grc.yeast,5032,false,Growthcraft|Cellar,growthcraft.cellar.common.item.ItemYeast
Growthcraft|Cellar:grc.waterBag,5033,false,Growthcraft|Cellar,growthcraft.cellar.common.item.ItemWaterBag
Growthcraft|Cellar:grc.chievItemDummy,5034,false,Growthcraft|Cellar,growthcraft.cellar.common.item.ItemChievDummy
Growthcraft|Grapes:grc.grapes,5035,false,Growthcraft|Grapes,growthcraft.grapes.common.item.ItemGrapes
Growthcraft|Grapes:grc.grapeSeeds,5036,false,Growthcraft|Grapes,growthcraft.grapes.common.item.ItemGrapeSeeds
Growthcraft|Grapes:grc.grapeWine,5037,false,Growthcraft|Grapes,growthcraft.cellar.common.item.ItemBoozeBottle
Growthcraft|Grapes:grc.grapeWineBucket.0,5038,false,Growthcraft|Grapes,growthcraft.cellar.common.item.ItemBucketBooze
Growthcraft|Grapes:grc.grapeWineBucket.1,5039,false,Growthcraft|Grapes,growthcraft.cellar.common.item.ItemBucketBooze
Growthcraft|Grapes:grc.grapeWineBucket.2,5040,false,Growthcraft|Grapes,growthcraft.cellar.common.item.ItemBucketBooze
Growthcraft|Grapes:grc.grapeWineBucket.3,5041,false,Growthcraft|Grapes,growthcraft.cellar.common.item.ItemBucketBooze
Growthcraft|Grapes:grc.grapeWineBucket.4,5042,false,Growthcraft|Grapes,growthcraft.cellar.common.item.ItemBucketBooze
Growthcraft|Grapes:grc.grapeWineBucket.5,5043,false,Growthcraft|Grapes,growthcraft.cellar.common.item.ItemBucketBooze
Growthcraft|Grapes:grc.grapeWineBucket.6,5044,false,Growthcraft|Grapes,growthcraft.cellar.common.item.ItemBucketBooze
Growthcraft|Grapes:grc.grapeWineBucket.7,5045,false,Growthcraft|Grapes,growthcraft.cellar.common.item.ItemBucketBooze
Growthcraft|Rice:grc.rice,5046,false,Growthcraft|Rice,growthcraft.rice.common.item.ItemRice
Growthcraft|Rice:grc.riceBall,5047,false,Growthcraft|Rice,growthcraft.rice.common.item.ItemRiceBall
Growthcraft|Rice:grc.riceSake,5048,false,Growthcraft|Rice,growthcraft.cellar.common.item.ItemBoozeBottle
Growthcraft|Rice:grc.riceSakeBucket.0,5049,false,Growthcraft|Rice,growthcraft.cellar.common.item.ItemBucketBooze
Growthcraft|Rice:grc.riceSakeBucket.1,5050,false,Growthcraft|Rice,growthcraft.cellar.common.item.ItemBucketBooze
Growthcraft|Rice:grc.riceSakeBucket.2,5051,false,Growthcraft|Rice,growthcraft.cellar.common.item.ItemBucketBooze
Growthcraft|Rice:grc.riceSakeBucket.3,5052,false,Growthcraft|Rice,growthcraft.cellar.common.item.ItemBucketBooze
Growthcraft|Rice:grc.riceSakeBucket.4,5053,false,Growthcraft|Rice,growthcraft.cellar.common.item.ItemBucketBooze
Growthcraft|Rice:grc.riceSakeBucket.5,5054,false,Growthcraft|Rice,growthcraft.cellar.common.item.ItemBucketBooze
Growthcraft|Rice:grc.riceSakeBucket.6,5055,false,Growthcraft|Rice,growthcraft.cellar.common.item.ItemBucketBooze



Mariculture:materials,5132,false,Mariculture,mariculture.core.items.ItemMaterial
Mariculture:crafting,5133,false,Mariculture,mariculture.core.items.ItemCrafting
Mariculture:pearls,5134,false,Mariculture,mariculture.core.items.ItemPearl
Mariculture:food,5135,false,Mariculture,mariculture.core.items.ItemFood
Mariculture:upgrade,5136,false,Mariculture,mariculture.core.items.ItemUpgrade
Mariculture:hammer,5137,false,Mariculture,mariculture.core.items.ItemHammer
Mariculture:ladle,5138,false,Mariculture,mariculture.core.items.ItemFluidStorage
Mariculture:bucket_titanium,5139,false,Mariculture,mariculture.core.items.ItemFluidStorage
Mariculture:fluids,5140,false,Mariculture,mariculture.core.items.ItemBottle
Mariculture:bucket,5141,false,Mariculture,mariculture.core.items.ItemBuckets
Mariculture:worked,5142,false,Mariculture,mariculture.core.items.ItemWorked
Mariculture:battery_copper,5143,false,Mariculture,maritech.items.ItemBattery
Mariculture:battery_titanium,5144,false,Mariculture,maritech.items.ItemBattery
Mariculture:diving_helmet,5145,false,Mariculture,mariculture.diving.ItemArmorDiving
Mariculture:diving_top,5146,false,Mariculture,mariculture.diving.ItemArmorDiving
Mariculture:diving_pants,5147,false,Mariculture,mariculture.diving.ItemArmorDiving
Mariculture:diving_boots,5148,false,Mariculture,mariculture.diving.ItemArmorDiving
Mariculture:snorkel,5149,false,Mariculture,mariculture.diving.ItemArmorSnorkel
Mariculture:lifejacket,5150,false,Mariculture,mariculture.diving.ItemArmorSnorkel
Mariculture:scuba_mask,5151,false,Mariculture,maritech.items.ItemArmorScuba
Mariculture:scuba_tank,5152,false,Mariculture,maritech.items.ItemArmorScuba
Mariculture:scuba_suit,5153,false,Mariculture,maritech.items.ItemArmorScuba
Mariculture:swimfin,5154,false,Mariculture,maritech.items.ItemArmorScuba
Mariculture:chalk,5155,false,Mariculture,mariculture.factory.items.ItemChalk
Mariculture:plans,5156,false,Mariculture,mariculture.factory.items.ItemPlan
Mariculture:paintbrush,5157,false,Mariculture,mariculture.factory.items.ItemPaintbrush
Mariculture:filter,5158,false,Mariculture,mariculture.factory.items.ItemFilter
Mariculture:turbine_copper,5159,false,Mariculture,maritech.items.ItemRotor
Mariculture:turbine_aluminum,5160,false,Mariculture,maritech.items.ItemRotor
Mariculture:turbine_titanium,5161,false,Mariculture,maritech.items.ItemRotor
Mariculture:fludd,5162,false,Mariculture,maritech.items.ItemFLUDD
Mariculture:bait,5163,false,Mariculture,mariculture.fishery.items.ItemBait
Mariculture:rod_reed,5164,false,Mariculture,mariculture.fishery.items.ItemRod
Mariculture:rod_wood,5165,false,Mariculture,mariculture.fishery.items.ItemRod
Mariculture:rod_titanium,5166,false,Mariculture,mariculture.fishery.items.ItemRod
Mariculture:fishy,5167,false,Mariculture,mariculture.fishery.items.ItemFishy
Mariculture:net,5168,false,Mariculture,mariculture.fishery.blocks.BlockItemNet
Mariculture:scanner,5169,false,Mariculture,mariculture.fishery.items.ItemScanner
Mariculture:eggs_fish,5170,false,Mariculture,mariculture.fishery.items.ItemEgg
Mariculture:temperature_control,5171,false,Mariculture,mariculture.fishery.items.ItemTemperatureControl
Mariculture:droplet,5172,false,Mariculture,mariculture.fishery.items.ItemDroplet
Mariculture:fishinghat,5173,false,Mariculture,mariculture.fishery.items.ItemArmorFishingHat
Mariculture:dna,5174,false,Mariculture,maritech.items.ItemFishDNA
Mariculture:rod_flux,5175,false,Mariculture,maritech.items.ItemFluxRod
Mariculture:mirror_basic,5176,false,Mariculture,mariculture.magic.ItemMirror
Mariculture:mirror_magic,5177,false,Mariculture,mariculture.magic.ItemMagicMirror
Mariculture:mirror_celestial,5178,false,Mariculture,mariculture.magic.ItemMagicMirror
Mariculture:ring,5179,false,Mariculture,mariculture.magic.jewelry.ItemRing
Mariculture:bracelet,5180,false,Mariculture,mariculture.magic.jewelry.ItemBracelet
Mariculture:necklace,5181,false,Mariculture,mariculture.magic.jewelry.ItemNecklace
Mariculture:mobMagnet,5182,false,Mariculture,mariculture.magic.ItemMobMagnet
Mariculture:placer,5183,false,Mariculture,mariculture.magic.ItemWaterPlacer
Mariculture:boat_speed,5184,false,Mariculture,maritech.items.ItemSpeedBoat
Mariculture:guide,5185,false,Mariculture,mariculture.plugins.enchiridion.ItemGuide


plantmegapack:seedBeet,5225,false,plantmegapack,plantmegapack.item.PMPItemCropSeed
plantmegapack:seedBellPepperOrange,5226,false,plantmegapack,plantmegapack.item.PMPItemCropSeed
plantmegapack:seedBellPepperRed,5227,false,plantmegapack,plantmegapack.item.PMPItemCropSeed
plantmegapack:seedBellPepperYellow,5228,false,plantmegapack,plantmegapack.item.PMPItemCropSeed
plantmegapack:seedBroccoli,5229,false,plantmegapack,plantmegapack.item.PMPItemCropSeed
plantmegapack:seedCassava,5230,false,plantmegapack,plantmegapack.item.PMPItemCropSeed
plantmegapack:seedCelery,5231,false,plantmegapack,plantmegapack.item.PMPItemCropSeed
plantmegapack:seedCorn,5232,false,plantmegapack,plantmegapack.item.PMPItemCropSeed
plantmegapack:seedCucumber,5233,false,plantmegapack,plantmegapack.item.PMPItemCropSeed
plantmegapack:seedEggplant,5234,false,plantmegapack,plantmegapack.item.PMPItemCropSeed
plantmegapack:seedGreenBean,5235,false,plantmegapack,plantmegapack.item.PMPItemCropSeed
plantmegapack:seedLeek,5236,false,plantmegapack,plantmegapack.item.PMPItemCropSeed
plantmegapack:seedLettuce,5237,false,plantmegapack,plantmegapack.item.PMPItemCropSeed
plantmegapack:seedOnion,5238,false,plantmegapack,plantmegapack.item.PMPItemCropSeed
plantmegapack:seedSorrel,5239,false,plantmegapack,plantmegapack.item.PMPItemCropSeed
plantmegapack:seedSpinach,5240,false,plantmegapack,plantmegapack.item.PMPItemCropSeed
plantmegapack:seedTomato,5241,false,plantmegapack,plantmegapack.item.PMPItemCropSeed
plantmegapack:berriesBeauty,5242,false,plantmegapack,plantmegapack.item.PMPItemFood
plantmegapack:berriesBlack,5243,false,plantmegapack,plantmegapack.item.PMPItemFood
plantmegapack:berriesBlue,5244,false,plantmegapack,plantmegapack.item.PMPItemFood
plantmegapack:berriesElder,5245,false,plantmegapack,plantmegapack.item.PMPItemFood
plantmegapack:berriesGoose,5246,false,plantmegapack,plantmegapack.item.PMPItemFood
plantmegapack:berriesHarlequinMistletoe,5247,false,plantmegapack,plantmegapack.item.PMPItemFood
plantmegapack:berriesHuckle,5248,false,plantmegapack,plantmegapack.item.PMPItemFood
plantmegapack:berriesOrange,5249,false,plantmegapack,plantmegapack.item.PMPItemFood
plantmegapack:berriesSnow,5250,false,plantmegapack,plantmegapack.item.PMPItemFood
plantmegapack:berriesStraw,5251,false,plantmegapack,plantmegapack.item.PMPItemFood
plantmegapack:foodBeet,5252,false,plantmegapack,plantmegapack.item.PMPItemFood
plantmegapack:foodBellPepperOrange,5253,false,plantmegapack,plantmegapack.item.PMPItemFood
plantmegapack:foodBellPepperRed,5254,false,plantmegapack,plantmegapack.item.PMPItemFood
plantmegapack:foodBellPepperYellow,5255,false,plantmegapack,plantmegapack.item.PMPItemFood
plantmegapack:foodBroccoli,5256,false,plantmegapack,plantmegapack.item.PMPItemFood
plantmegapack:foodCassavaRoot,5257,false,plantmegapack,plantmegapack.item.PMPItemFood
plantmegapack:foodCelery,5258,false,plantmegapack,plantmegapack.item.PMPItemFood
plantmegapack:foodCentellaLeaves,5259,false,plantmegapack,plantmegapack.item.PMPItemFood
plantmegapack:foodCorn,5260,false,plantmegapack,plantmegapack.item.PMPItemFood
plantmegapack:foodCucumber,5261,false,plantmegapack,plantmegapack.item.PMPItemFood
plantmegapack:foodEggplant,5262,false,plantmegapack,plantmegapack.item.PMPItemFood
plantmegapack:foodGreenBeans,5263,false,plantmegapack,plantmegapack.item.PMPItemFood
plantmegapack:foodLaksaLeaves,5264,false,plantmegapack,plantmegapack.item.PMPItemFood
plantmegapack:foodLeek,5265,false,plantmegapack,plantmegapack.item.PMPItemFood
plantmegapack:foodLettuce,5266,false,plantmegapack,plantmegapack.item.PMPItemFood
plantmegapack:foodMozukuSeaweed,5267,false,plantmegapack,plantmegapack.item.PMPItemFood
plantmegapack:foodOnion,5268,false,plantmegapack,plantmegapack.item.PMPItemFood
plantmegapack:foodPeanuts,5269,false,plantmegapack,plantmegapack.item.PMPItemFood
plantmegapack:foodPricklyPearFruit,5270,false,plantmegapack,plantmegapack.item.PMPItemFood
plantmegapack:foodQuinoaSeeds,5271,false,plantmegapack,plantmegapack.item.PMPItemFood
plantmegapack:foodRice,5272,false,plantmegapack,plantmegapack.item.PMPItemFood
plantmegapack:foodSacredLotusRoot,5273,false,plantmegapack,plantmegapack.item.PMPItemFood
plantmegapack:foodSorrel,5274,false,plantmegapack,plantmegapack.item.PMPItemFood
plantmegapack:foodSpinach,5275,false,plantmegapack,plantmegapack.item.PMPItemFood
plantmegapack:foodTomato,5276,false,plantmegapack,plantmegapack.item.PMPItemFood
plantmegapack:foodTaroRoot,5277,false,plantmegapack,plantmegapack.item.PMPItemFood
plantmegapack:foodWasabiStem,5278,false,plantmegapack,plantmegapack.item.PMPItemFood
plantmegapack:foodWaterChestnut,5279,false,plantmegapack,plantmegapack.item.PMPItemFood
plantmegapack:foodWatercress,5280,false,plantmegapack,plantmegapack.item.PMPItemFood
plantmegapack:foodWildRice,5281,false,plantmegapack,plantmegapack.item.PMPItemFood
plantmegapack:foodCookedRice,5282,false,plantmegapack,plantmegapack.item.PMPItemFood
plantmegapack:foodCornFlour,5283,false,plantmegapack,plantmegapack.item.PMPItemFood
plantmegapack:foodCornBread,5284,false,plantmegapack,plantmegapack.item.PMPItemFood
plantmegapack:wrapCorn,5285,false,plantmegapack,plantmegapack.item.PMPItemFood
plantmegapack:wrapSeaweed,5286,false,plantmegapack,plantmegapack.item.PMPItemFood
plantmegapack:foodBeetSoup,5287,false,plantmegapack,plantmegapack.item.PMPItemFood
plantmegapack:foodBerrybowl,5288,false,plantmegapack,plantmegapack.item.PMPItemFood
plantmegapack:foodBroccoliSoup,5289,false,plantmegapack,plantmegapack.item.PMPItemFood
plantmegapack:foodElderberrySorbet,5290,false,plantmegapack,plantmegapack.item.PMPItemFood
plantmegapack:foodMozukuSoup,5291,false,plantmegapack,plantmegapack.item.PMPItemFood
plantmegapack:foodSnowberryCustard,5292,false,plantmegapack,plantmegapack.item.PMPItemFood
plantmegapack:foodQuinoaCereal,5293,false,plantmegapack,plantmegapack.item.PMPItemFood
plantmegapack:foodTomatoSoup,5294,false,plantmegapack,plantmegapack.item.PMPItemFood
plantmegapack:foodBeautyberryTurnover,5295,false,plantmegapack,plantmegapack.item.PMPItemFood
plantmegapack:foodBlackberryDanish,5296,false,plantmegapack,plantmegapack.item.PMPItemFood
plantmegapack:foodBlueberryMuffin,5297,false,plantmegapack,plantmegapack.item.PMPItemFood
plantmegapack:foodGooseberryCobbler,5298,false,plantmegapack,plantmegapack.item.PMPItemFood
plantmegapack:foodHuckleberryTart,5299,false,plantmegapack,plantmegapack.item.PMPItemFood
plantmegapack:foodOrangeberrySquare,5300,false,plantmegapack,plantmegapack.item.PMPItemFood
plantmegapack:foodCookiePeanutButter,5301,false,plantmegapack,plantmegapack.item.PMPItemFood
plantmegapack:foodStrawberryDelight,5302,false,plantmegapack,plantmegapack.item.PMPItemFood
plantmegapack:foodJelly,5303,false,plantmegapack,plantmegapack.item.PMPItemFood
plantmegapack:foodPeanutButter,5304,false,plantmegapack,plantmegapack.item.PMPItemFood
plantmegapack:foodStuffedPepperOrange,5305,false,plantmegapack,plantmegapack.item.PMPItemFood
plantmegapack:foodStuffedPepperRed,5306,false,plantmegapack,plantmegapack.item.PMPItemFood
plantmegapack:foodStuffedPepperYellow,5307,false,plantmegapack,plantmegapack.item.PMPItemFood
plantmegapack:foodSandwichPBJ,5308,false,plantmegapack,plantmegapack.item.PMPItemFood
plantmegapack:foodSandwichBeef,5309,false,plantmegapack,plantmegapack.item.PMPItemFood
plantmegapack:foodSandwichChicken,5310,false,plantmegapack,plantmegapack.item.PMPItemFood
plantmegapack:foodSandwichFish,5311,false,plantmegapack,plantmegapack.item.PMPItemFood
plantmegapack:foodSandwichMutton,5312,false,plantmegapack,plantmegapack.item.PMPItemFood
plantmegapack:foodSandwichPork,5313,false,plantmegapack,plantmegapack.item.PMPItemFood
plantmegapack:foodBeautyberryBlazer,5314,false,plantmegapack,plantmegapack.item.PMPItemFood
plantmegapack:foodBlackberryTumbler,5315,false,plantmegapack,plantmegapack.item.PMPItemFood
plantmegapack:foodBlueberrySlushie,5316,false,plantmegapack,plantmegapack.item.PMPItemFood
plantmegapack:foodElderberrySpritzer,5317,false,plantmegapack,plantmegapack.item.PMPItemFood
plantmegapack:foodGooseberryShake,5318,false,plantmegapack,plantmegapack.item.PMPItemFood
plantmegapack:foodHarlequinFizz,5319,false,plantmegapack,plantmegapack.item.PMPItemFood
plantmegapack:foodHuckleberryBubbler,5320,false,plantmegapack,plantmegapack.item.PMPItemFood
plantmegapack:foodOrangeberryWhip,5321,false,plantmegapack,plantmegapack.item.PMPItemFood
plantmegapack:foodPricklyPearTwister,5322,false,plantmegapack,plantmegapack.item.PMPItemFood
plantmegapack:foodSnowberryCooler,5323,false,plantmegapack,plantmegapack.item.PMPItemFood
plantmegapack:foodStrawberrySmoothie,5324,false,plantmegapack,plantmegapack.item.PMPItemFood
plantmegapack:foodWasabiQuencher,5325,false,plantmegapack,plantmegapack.item.PMPItemFood
plantmegapack:wrapCornBeef,5326,false,plantmegapack,plantmegapack.item.PMPItemFood
plantmegapack:wrapCornChicken,5327,false,plantmegapack,plantmegapack.item.PMPItemFood
plantmegapack:wrapCornFish,5328,false,plantmegapack,plantmegapack.item.PMPItemFood
plantmegapack:wrapCornPork,5329,false,plantmegapack,plantmegapack.item.PMPItemFood
plantmegapack:wrapCornRice,5330,false,plantmegapack,plantmegapack.item.PMPItemFood
plantmegapack:wrapBeef,5331,false,plantmegapack,plantmegapack.item.PMPItemFood
plantmegapack:wrapChicken,5332,false,plantmegapack,plantmegapack.item.PMPItemFood
plantmegapack:wrapFish,5333,false,plantmegapack,plantmegapack.item.PMPItemFood
plantmegapack:wrapPork,5334,false,plantmegapack,plantmegapack.item.PMPItemFood
plantmegapack:wrapRice,5335,false,plantmegapack,plantmegapack.item.PMPItemFood
plantmegapack:foodStirFry,5336,false,plantmegapack,plantmegapack.item.PMPItemFood
plantmegapack:powderAloe,5346,false,plantmegapack,plantmegapack.item.PMPItemPowder
plantmegapack:powderBerry,5347,false,plantmegapack,plantmegapack.item.PMPItemPowder
plantmegapack:powderCactus,5348,false,plantmegapack,plantmegapack.item.PMPItemPowder
plantmegapack:powderCoral,5349,false,plantmegapack,plantmegapack.item.PMPItemPowder
plantmegapack:powderFern,5350,false,plantmegapack,plantmegapack.item.PMPItemPowder
plantmegapack:powderLeaf,5351,false,plantmegapack,plantmegapack.item.PMPItemPowder
plantmegapack:powderMoss,5352,false,plantmegapack,plantmegapack.item.PMPItemPowder
plantmegapack:powderMushroom,5353,false,plantmegapack,plantmegapack.item.PMPItemPowder
plantmegapack:powderMushroomPoison,5354,false,plantmegapack,plantmegapack.item.PMPItemPowder
plantmegapack:powderConditioner,5355,false,plantmegapack,plantmegapack.item.PMPItemPowder
plantmegapack:powderDefoliant,5356,false,plantmegapack,plantmegapack.item.PMPItemPowder
plantmegapack:powderFertilizer,5357,false,plantmegapack,plantmegapack.item.PMPItemPowder
plantmegapack:salveFireResist,5358,false,plantmegapack,plantmegapack.item.PMPItemSalve
plantmegapack:salveHealth,5359,false,plantmegapack,plantmegapack.item.PMPItemSalve
plantmegapack:salveNightVision,5360,false,plantmegapack,plantmegapack.item.PMPItemSalve
plantmegapack:salveStrength,5361,false,plantmegapack,plantmegapack.item.PMPItemSalve
plantmegapack:salveSwiftness,5362,false,plantmegapack,plantmegapack.item.PMPItemSalve
plantmegapack:salveWaterBreathing,5363,false,plantmegapack,plantmegapack.item.PMPItemSalve
plantmegapack:flowerBlueStarItem,5364,false,plantmegapack,plantmegapack.item.PMPItemPlantItem
plantmegapack:flowerBroomSnakeweed,5365,false,plantmegapack,plantmegapack.item.PMPItemPlantItem
plantmegapack:flowerCattail,5366,false,plantmegapack,plantmegapack.item.PMPItemPlantItem
plantmegapack:flowerOcotillo,5367,false,plantmegapack,plantmegapack.item.PMPItemPlantItem
plantmegapack:flowerTorchGinger,5368,false,plantmegapack,plantmegapack.item.PMPItemPlantItem
plantmegapack:flowerYellowToadflaxItem,5369,false,plantmegapack,plantmegapack.item.PMPItemPlantItem
plantmegapack:leafAloe,5370,false,plantmegapack,plantmegapack.item.PMPItemPlantItem
plantmegapack:leafWildMint,5371,false,plantmegapack,plantmegapack.item.PMPItemPlantItem


UsefulFood:MilkBottle,5766,false,UsefulFood,mods.usefulfood.items.ItemBottle
UsefulFood:ChocolateMilkBottle,5767,false,UsefulFood,mods.usefulfood.items.ItemBottle
UsefulFood:Cheese,5768,false,UsefulFood,mods.usefulfood.items.ItemCheese
UsefulFood:ChocolateBar,5769,false,UsefulFood,mods.usefulfood.items.ItemFoodUF
UsefulFood:FruitSalad,5770,false,UsefulFood,mods.usefulfood.items.ItemBowl
UsefulFood:MagicFruitSalad,5771,false,UsefulFood,mods.usefulfood.items.ItemMagicFruitSalad
UsefulFood:SugarCube,5772,false,UsefulFood,mods.usefulfood.items.ItemFoodUF
UsefulFood:Caramel,5773,false,UsefulFood,mods.usefulfood.items.ItemFoodUF
UsefulFood:CaramelApple,5774,false,UsefulFood,mods.usefulfood.items.ItemFoodStick
UsefulFood:RoastedSeeds,5775,false,UsefulFood,mods.usefulfood.items.ItemFoodUF
UsefulFood:FriedEgg,5776,false,UsefulFood,mods.usefulfood.items.ItemFoodUF
UsefulFood:PumpkinSoup,5777,false,UsefulFood,mods.usefulfood.items.ItemSoupUF
UsefulFood:Salad,5778,false,UsefulFood,mods.usefulfood.items.ItemBowl
UsefulFood:Oatmeal,5779,false,UsefulFood,mods.usefulfood.items.ItemBowl
UsefulFood:Jelly,5780,false,UsefulFood,mods.usefulfood.items.ItemBowl
UsefulFood:RawMarshmallow,5781,false,UsefulFood,mods.usefulfood.items.ItemFoodStick
UsefulFood:CookedMarshmallow,5782,false,UsefulFood,mods.usefulfood.items.ItemFoodStick
UsefulFood:VanillaIceCream,5783,false,UsefulFood,mods.usefulfood.items.ItemBowl
UsefulFood:BreadSlice,5784,false,UsefulFood,mods.usefulfood.items.ItemFoodUF
UsefulFood:PorkChopSandwich,5785,false,UsefulFood,mods.usefulfood.items.ItemFoodUF
UsefulFood:SteakSandwich,5786,false,UsefulFood,mods.usefulfood.items.ItemFoodUF
UsefulFood:FishSandwich,5787,false,UsefulFood,mods.usefulfood.items.ItemFoodUF
UsefulFood:ChickenSandwich,5788,false,UsefulFood,mods.usefulfood.items.ItemFoodUF
UsefulFood:EggSandwich,5789,false,UsefulFood,mods.usefulfood.items.ItemFoodUF
UsefulFood:Biscuit,5790,false,UsefulFood,mods.usefulfood.items.ItemFoodUF
UsefulFood:Trailmix,5791,false,UsefulFood,mods.usefulfood.items.ItemBowl
UsefulFood:AppleCake,5792,false,UsefulFood,mods.usefulfood.items.ItemReedUF
UsefulFood:ChocolateCake,5793,false,UsefulFood,mods.usefulfood.items.ItemReedUF
UsefulFood:MagicCake,5794,false,UsefulFood,mods.usefulfood.items.ItemMagicCake
UsefulFood:CookedMutton,5795,false,UsefulFood,mods.usefulfood.items.ItemFoodUF
UsefulFood:RawMutton,5796,false,UsefulFood,mods.usefulfood.items.ItemFoodUF
UsefulFood:MuttonSandwich,5797,false,UsefulFood,mods.usefulfood.items.ItemFoodUF
UsefulFood:Hungrz,5798,false,UsefulFood,mods.usefulfood.items.ItemFoodDebug
UsefulFood:Sushi,5799,false,UsefulFood,mods.usefulfood.items.ItemFoodUF
UsefulFood:SquidTentacle,5800,false,UsefulFood,mods.usefulfood.items.ItemFoodUF
UsefulFood:CookedSquidTentacle,5801,false,UsefulFood,mods.usefulfood.items.ItemFoodUF
UsefulFood:SquidSandwich,5802,false,UsefulFood,mods.usefulfood.items.ItemFoodUF
UsefulFood:MagicAppleJuice,5803,false,UsefulFood,mods.usefulfood.items.ItemMagicAppleJuice
UsefulFood:MelonJuice,5804,false,UsefulFood,mods.usefulfood.items.ItemJuice
UsefulFood:AppleJuice,5805,false,UsefulFood,mods.usefulfood.items.ItemJuice
UsefulFood:CarrotJuice,5806,false,UsefulFood,mods.usefulfood.items.ItemJuice
UsefulFood:CarrotSoup,5807,false,UsefulFood,mods.usefulfood.items.ItemSoupUF
UsefulFood:PumpkinBread,5808,false,UsefulFood,mods.usefulfood.items.ItemFoodUF
UsefulFood:FishnChips,5809,false,UsefulFood,mods.usefulfood.items.ItemFoodUF
UsefulFood:SugarBiscuit,5810,false,UsefulFood,mods.usefulfood.items.ItemFoodUF
UsefulFood:AppleJamBiscuit,5811,false,UsefulFood,mods.usefulfood.items.ItemFoodUF
UsefulFood:ChocolateBiscuit,5812,false,UsefulFood,mods.usefulfood.items.ItemFoodUF
UsefulFood:CarrotPie,5813,false,UsefulFood,mods.usefulfood.items.ItemFoodUF
UsefulFood:HotChocolateMilkBottle,5814,false,UsefulFood,mods.usefulfood.items.ItemBottle
UsefulFood:ChocolateIceCream,5815,false,UsefulFood,mods.usefulfood.items.ItemBowl
UsefulFood:MagicIceCream,5816,false,UsefulFood,mods.usefulfood.items.ItemMagicIceCream
UsefulFood:SquidSushi,5817,false,UsefulFood,mods.usefulfood.items.ItemFoodUF
UsefulFood:CactusJuice,5818,false,UsefulFood,mods.usefulfood.items.ItemJuice
UsefulFood:Spaghetti,5819,false,UsefulFood,mods.usefulfood.items.ItemBowl
UsefulFood:AppleIceCream,5820,false,UsefulFood,mods.usefulfood.items.ItemBowl
UsefulFood:MelonIceCream,5821,false,UsefulFood,mods.usefulfood.items.ItemBowl
UsefulFood:ChocolateApple,5822,false,UsefulFood,mods.usefulfood.items.ItemFoodStick
UsefulFood:CaramelBiscuit,5823,false,UsefulFood,mods.usefulfood.items.ItemFoodUF
UsefulFood:FishSoup,5824,false,UsefulFood,mods.usefulfood.items.ItemSoupUF
UsefulFood:Tea,5825,false,UsefulFood,mods.usefulfood.items.ItemTea
UsefulFood:HotMilkBottle,5826,false,UsefulFood,mods.usefulfood.items.ItemBottle
UsefulFood:CaramelCake,5827,false,UsefulFood,mods.usefulfood.items.ItemReedUF
UsefulFood:CheeseSandwich,5828,false,UsefulFood,mods.usefulfood.items.ItemFoodUF
UsefulFood:CaramelIceCream,5829,false,UsefulFood,mods.usefulfood.items.ItemBowl
UsefulFood:Cereal,5830,false,UsefulFood,mods.usefulfood.items.ItemBowl
UsefulFood:ChocolateCereal,5831,false,UsefulFood,mods.usefulfood.items.ItemBowl
UsefulFood:FrenchFries,5832,false,UsefulFood,mods.usefulfood.items.ItemFoodUF
UsefulFood:AppleJelly,5833,false,UsefulFood,mods.usefulfood.items.ItemBowl
UsefulFood:MelonJelly,5834,false,UsefulFood,mods.usefulfood.items.ItemBowl
UsefulFood:Donut,5835,false,UsefulFood,mods.usefulfood.items.ItemFoodUF
UsefulFood:Oreo,5836,false,UsefulFood,mods.usefulfood.items.ItemFoodUF
UsefulFood:CaramelToast,5837,false,UsefulFood,mods.usefulfood.items.ItemFoodUF
UsefulFood:ChocolateToast,5838,false,UsefulFood,mods.usefulfood.items.ItemFoodUF
UsefulFood:SugarToast,5839,false,UsefulFood,mods.usefulfood.items.ItemFoodUF
UsefulFood:SugarPancake,5840,false,UsefulFood,mods.usefulfood.items.ItemFoodUF
UsefulFood:AppleJamPancake,5841,false,UsefulFood,mods.usefulfood.items.ItemFoodUF
UsefulFood:AppleJamToast,5842,false,UsefulFood,mods.usefulfood.items.ItemFoodUF
UsefulFood:AppleJam,5843,false,UsefulFood,mods.usefulfood.items.ItemBowl
UsefulFood:CaramelPancake,5844,false,UsefulFood,mods.usefulfood.items.ItemFoodUF
UsefulFood:ChocolatePancake,5845,false,UsefulFood,mods.usefulfood.items.ItemFoodUF
UsefulFood:MelonJamPancake,5846,false,UsefulFood,mods.usefulfood.items.ItemFoodUF
UsefulFood:MelonJamToast,5847,false,UsefulFood,mods.usefulfood.items.ItemFoodUF
UsefulFood:MelonJamBiscuit,5848,false,UsefulFood,mods.usefulfood.items.ItemFoodUF
UsefulFood:MelonJam,5849,false,UsefulFood,mods.usefulfood.items.ItemBowl
UsefulFood:PancakeDough,5850,false,UsefulFood,mods.usefulfood.items.ItemFoodUF
UsefulFood:Pancake,5851,false,UsefulFood,mods.usefulfood.items.ItemFoodUF
witchery:ingredient,5852,false,witchery,com.emoniph.witchery.item.ItemGeneral
witchery:potion,5855,false,witchery,com.emoniph.witchery.item.ItemVanillaPotion
witchery:stew,5857,false,witchery,com.emoniph.witchery.item.ItemStew
witchery:stewraw,5858,false,witchery,com.emoniph.witchery.item.ItemStew
witchery:chalkritual,5860,false,witchery,com.emoniph.witchery.item.ItemChalk
witchery:chalkotherwhere,5861,false,witchery,com.emoniph.witchery.item.ItemChalk
witchery:chalkinfernal,5862,false,witchery,com.emoniph.witchery.item.ItemChalk
witchery:chalkheart,5863,false,witchery,com.emoniph.witchery.item.ItemChalk
witchery:boline,5864,false,witchery,com.emoniph.witchery.item.ItemBoline
witchery:arthana,5865,false,witchery,com.emoniph.witchery.item.ItemArthana
witchery:silversword,5869,false,witchery,com.emoniph.witchery.item.ItemSilverSword
witchery:witchhand,5871,false,witchery,com.emoniph.witchery.item.ItemWitchHand
witchery:mysticbranch,5873,false,witchery,com.emoniph.witchery.item.ItemMysticBranch
witchery:divinerwater,5874,false,witchery,com.emoniph.witchery.item.ItemDiviner
witchery:divinerlava,5875,false,witchery,com.emoniph.witchery.item.ItemDiviner
witchery:polynesiacharm,5876,false,witchery,com.emoniph.witchery.item.ItemPolynesiaCharm
witchery:mutator,5878,false,witchery,com.emoniph.witchery.item.ItemMutator
witchery:brewbag,5880,false,witchery,com.emoniph.witchery.item.ItemBrewBag
witchery:spectralstone,5881,false,witchery,com.emoniph.witchery.item.ItemSpectralStone
witchery:kobolditepickaxe,5883,false,witchery,com.emoniph.witchery.item.ItemKobolditePickaxe
witchery:dupstaff,5884,false,witchery,com.emoniph.witchery.item.ItemDuplicationStaff
witchery:brewbottle,5885,false,witchery,com.emoniph.witchery.brewing.ItemBrew
witchery:brew.fuel,5886,false,witchery,com.emoniph.witchery.item.ItemBrewFuel
witchery:brew.water,5887,false,witchery,com.emoniph.witchery.item.ItemBrewEndlessWater
witchery:wolftoken,5895,false,witchery,com.emoniph.witchery.item.ItemWolfToken
witchery:glassgoblet,5896,false,witchery,com.emoniph.witchery.item.ItemGlassGoblet
witchery:dupgrenade,5899,false,witchery,com.emoniph.witchery.item.ItemSunGrenade
witchery:gurdleofgulg,5925,false,witchery,com.emoniph.witchery.item.ItemGoblinClothes
witchery:earmuffs,5927,false,witchery,com.emoniph.witchery.item.ItemEarmuffs
witchery:seedsbelladonna,5937,false,witchery,com.emoniph.witchery.item.ItemWitchSeeds
witchery:seedsmandrake,5938,false,witchery,com.emoniph.witchery.item.ItemWitchSeeds
witchery:seedsartichoke,5939,false,witchery,com.emoniph.witchery.item.ItemWitchSeeds
witchery:seedssnowbell,5940,false,witchery,com.emoniph.witchery.item.ItemWitchSeeds
witchery:seedswormwood,5941,false,witchery,com.emoniph.witchery.item.ItemWitchSeeds
witchery:seedsmindrake,5942,false,witchery,com.emoniph.witchery.item.ItemWitchSeeds
witchery:seedswolfsbane,5943,false,witchery,com.emoniph.witchery.item.ItemWitchSeeds
witchery:garlic,5944,false,witchery,com.emoniph.witchery.item.ItemWitchSeeds
witchery:bucketspirit,5945,false,witchery,com.emoniph.witchery.item.ItemBucketSpirit
witchery:buckethollowtears,5946,false,witchery,com.emoniph.witchery.item.ItemBucketSpirit
witchery:bucketbrew,5947,false,witchery,com.emoniph.witchery.brewing.ItemBrewBucket

